Timestamp,USAGE (kWh),Usage Change
2024-07-28 10:45:00,0.43,0.42
2024-07-28 11:00:00,0.02,0.41
2024-07-28 14:00:00,0.29,0.26999999999999996
2024-07-28 14:15:00,0.55,0.26000000000000006
2024-07-28 14:30:00,0.09,0.4600000000000001
2024-07-28 21:30:00,0.22,0.18
2024-07-28 21:45:00,0.38,0.16
2024-07-28 22:00:00,0.02,0.36
2024-07-29 06:00:00,0.17,0.14
2024-07-29 06:30:00,0.1,0.16
2024-07-29 08:00:00,0.19,0.16
2024-07-29 08:15:00,0.05,0.14
2024-07-29 10:30:00,0.02,0.11
2024-07-29 15:00:00,0.23,0.16
2024-07-29 15:15:00,0.81,0.5800000000000001
2024-07-29 15:45:00,0.53,0.32999999999999996
2024-07-29 16:00:00,0.7,0.16999999999999993
2024-07-29 16:30:00,0.52,0.16000000000000003
2024-07-29 17:00:00,0.28,0.26
2024-07-29 17:15:00,0.04,0.24000000000000002
2024-07-29 20:30:00,0.27,0.12000000000000002
2024-07-29 20:45:00,0.1,0.17
2024-07-30 07:00:00,0.27,0.22000000000000003
2024-07-30 07:30:00,0.03,0.15
2024-07-30 14:45:00,0.27,0.24000000000000002
2024-07-30 15:00:00,0.48,0.20999999999999996
2024-07-30 15:15:00,0.11,0.37
2024-07-31 06:15:00,0.14,0.11000000000000001
2024-07-31 09:15:00,0.14,0.11000000000000001
2024-07-31 11:45:00,0.42,0.41
2024-07-31 12:00:00,0.22,0.19999999999999998
2024-07-31 12:15:00,0.04,0.18
2024-07-31 17:45:00,0.27,0.19
2024-07-31 18:00:00,0.05,0.22000000000000003
2024-07-31 18:30:00,0.41,0.39999999999999997
2024-07-31 18:45:00,0.57,0.15999999999999998
2024-07-31 20:30:00,0.38,0.16000000000000003
2024-07-31 20:45:00,0.04,0.34
2024-07-31 22:00:00,0.23,0.2
2024-07-31 22:15:00,0.44,0.21
2024-07-31 22:30:00,0.04,0.4
2024-08-01 09:45:00,0.21,0.13999999999999999
2024-08-01 10:15:00,0.08,0.12000000000000001
2024-08-01 15:45:00,0.82,0.6399999999999999
2024-08-01 16:15:00,1.09,0.3700000000000001
2024-08-01 16:30:00,0.81,0.28
2024-08-01 17:15:00,0.62,0.17000000000000004
2024-08-01 17:45:00,0.76,0.19999999999999996
2024-08-01 18:00:00,0.59,0.17000000000000004
2024-08-01 20:30:00,0.02,0.49
2024-08-02 08:00:00,0.22,0.16
2024-08-02 08:30:00,0.04,0.10999999999999999
2024-08-02 14:30:00,0.24,0.18
2024-08-02 15:00:00,0.04,0.24000000000000002
2024-08-02 20:15:00,0.5,0.49
2024-08-02 20:45:00,0.79,0.24
2024-08-02 21:00:00,0.67,0.12
2024-08-02 21:15:00,0.1,0.5700000000000001
2024-08-04 08:00:00,0.21,0.19999999999999998
2024-08-04 08:15:00,0.09,0.12
2024-08-04 08:45:00,0.02,0.13
2024-08-04 18:45:00,0.52,0.45
2024-08-04 19:00:00,0.99,0.47
2024-08-04 19:15:00,1.11,0.1200000000000001
2024-08-04 19:30:00,0.95,0.16000000000000014
2024-08-04 19:45:00,0.29,0.6599999999999999
2024-08-04 20:00:00,0.1,0.18999999999999997
2024-08-04 21:00:00,0.46,0.34
2024-08-04 21:15:00,0.07,0.39
2024-08-04 21:45:00,0.02,0.11
2024-08-04 22:45:00,0.26,0.22
2024-08-04 23:15:00,0.02,0.26
2024-08-05 09:00:00,0.26,0.21000000000000002
2024-08-05 09:15:00,0.09,0.17
2024-08-05 13:45:00,0.05,0.16999999999999998
2024-08-05 14:15:00,0.58,0.42999999999999994
2024-08-05 15:00:00,0.16,0.39
2024-08-05 15:15:00,0.04,0.12
2024-08-05 17:15:00,0.15,0.12
2024-08-05 17:30:00,0.54,0.39
2024-08-05 18:00:00,0.17,0.4099999999999999
2024-08-05 18:15:00,0.03,0.14
2024-08-05 18:45:00,0.36,0.29
2024-08-05 19:00:00,1.08,0.7200000000000001
2024-08-05 19:15:00,0.77,0.31000000000000005
2024-08-05 19:30:00,0.63,0.14
2024-08-05 19:45:00,0.46,0.16999999999999998
2024-08-05 20:00:00,0.15,0.31000000000000005
2024-08-05 20:30:00,0.53,0.4
2024-08-05 21:15:00,0.12,0.51
2024-08-06 09:00:00,0.26,0.2
2024-08-06 09:30:00,0.06,0.21000000000000002
2024-08-06 14:00:00,0.48,0.39
2024-08-06 14:15:00,0.1,0.38
2024-08-06 20:30:00,0.29,0.24
2024-08-06 20:45:00,0.8,0.51
2024-08-06 21:00:00,0.58,0.22000000000000008
2024-08-06 22:00:00,0.18,0.35000000000000003
2024-08-06 22:15:00,0.05,0.13
2024-08-07 09:00:00,0.27,0.14
2024-08-07 09:15:00,0.07,0.2
2024-08-07 14:15:00,0.23,0.22
2024-08-07 14:45:00,0.05,0.14
2024-08-07 16:00:00,0.59,0.58
2024-08-07 19:30:00,0.24,0.32999999999999996
2024-08-07 19:45:00,0.03,0.21
2024-08-07 21:00:00,0.27,0.11000000000000001
2024-08-07 21:15:00,0.42,0.14999999999999997
2024-08-07 21:45:00,0.19,0.16999999999999998
2024-08-07 22:30:00,0.59,0.39999999999999997
2024-08-07 22:45:00,0.8,0.21000000000000008
2024-08-07 23:00:00,0.64,0.16000000000000003
2024-08-08 00:30:00,0.37,0.16000000000000003
2024-08-08 00:45:00,0.07,0.3
2024-08-08 07:45:00,0.38,0.25
2024-08-08 08:15:00,0.05,0.29000000000000004
2024-08-08 14:00:00,0.42,0.41
2024-08-08 14:15:00,0.26,0.15999999999999998
2024-08-08 14:30:00,0.06,0.2
2024-08-08 15:15:00,0.35,0.33999999999999997
2024-08-08 15:30:00,0.56,0.21000000000000008
2024-08-08 16:30:00,0.21,0.26
2024-08-08 16:45:00,0.56,0.3500000000000001
2024-08-08 17:15:00,0.43,0.12000000000000005
2024-08-08 17:45:00,0.27,0.13999999999999996
2024-08-08 18:00:00,0.03,0.24000000000000002
2024-08-08 20:45:00,0.34,0.33
2024-08-08 21:00:00,0.53,0.19
2024-08-08 23:30:00,0.2,0.29
2024-08-09 11:00:00,0.47,0.36
2024-08-09 11:15:00,0.04,0.43
2024-08-09 17:00:00,0.59,0.51
2024-08-09 22:15:00,0.34,0.12
2024-08-09 22:30:00,0.06,0.28
2024-08-10 09:30:00,0.2,0.13
2024-08-10 10:15:00,0.08,0.11
2024-08-10 12:30:00,0.63,0.55
2024-08-10 12:45:00,1.04,0.41000000000000003
2024-08-10 13:00:00,0.73,0.31000000000000005
2024-08-10 13:30:00,0.64,0.12
2024-08-10 13:45:00,0.31,0.33
2024-08-10 14:00:00,0.45,0.14
2024-08-10 14:15:00,0.08,0.37
2024-08-10 16:00:00,0.27,0.26
2024-08-10 16:15:00,0.6,0.32999999999999996
2024-08-10 18:45:00,0.2,0.34
2024-08-10 19:15:00,0.01,0.19
2024-08-10 19:45:00,0.79,0.76
2024-08-10 20:00:00,0.65,0.14
2024-08-10 20:15:00,0.51,0.14
2024-08-10 20:45:00,0.35,0.21999999999999997
2024-08-10 21:00:00,0.07,0.27999999999999997
2024-08-10 22:15:00,0.17,0.14
2024-08-11 08:15:00,0.18,0.13
2024-08-11 08:30:00,0.31,0.13
2024-08-11 08:45:00,0.05,0.26
2024-08-11 13:45:00,0.17,0.15000000000000002
2024-08-11 14:45:00,0.04,0.15
2024-08-11 18:45:00,0.55,0.4600000000000001
2024-08-11 19:15:00,0.03,0.45999999999999996
2024-08-11 20:30:00,0.24,0.12
2024-08-11 21:00:00,0.46,0.23
2024-08-11 21:15:00,0.26,0.2
2024-08-11 21:45:00,0.07,0.13
2024-08-11 22:00:00,0.28,0.21000000000000002
2024-08-11 22:15:00,0.42,0.13999999999999996
2024-08-11 22:30:00,0.1,0.31999999999999995
2024-08-12 02:30:00,0.39,0.33
2024-08-12 02:45:00,0.17,0.22
2024-08-12 03:00:00,0.03,0.14
2024-08-12 08:15:00,0.4,0.23
2024-08-12 08:30:00,0.05,0.35000000000000003
2024-08-12 14:00:00,0.25,0.22
2024-08-12 16:00:00,0.59,0.49
2024-08-12 17:00:00,0.06,0.47000000000000003
2024-08-12 20:30:00,0.29,0.22999999999999998
2024-08-12 21:00:00,0.08,0.29
2024-08-12 21:30:00,0.45,0.38
2024-08-12 21:45:00,0.27,0.18
2024-08-12 22:00:00,0.08,0.19
2024-08-12 22:15:00,0.32,0.24
2024-08-12 22:30:00,0.08,0.24
2024-08-13 00:45:00,0.04,0.13999999999999999
2024-08-13 10:30:00,0.38,0.33
2024-08-13 10:45:00,0.26,0.12
2024-08-13 11:00:00,0.05,0.21000000000000002
2024-08-13 14:30:00,0.39,0.26
2024-08-13 14:45:00,0.1,0.29000000000000004
2024-08-13 15:00:00,0.34,0.24000000000000002
2024-08-13 15:15:00,0.03,0.31000000000000005
2024-08-13 15:45:00,0.58,0.49
2024-08-13 17:30:00,0.19,0.39999999999999997
2024-08-13 19:00:00,0.29,0.24
2024-08-13 19:15:00,0.54,0.25000000000000006
2024-08-13 19:45:00,0.15,0.38
2024-08-13 20:00:00,0.03,0.12
2024-08-13 23:30:00,0.17,0.14
2024-08-13 23:45:00,0.44,0.27
2024-08-14 00:00:00,0.24,0.2
2024-08-14 00:15:00,0.07,0.16999999999999998
2024-08-14 08:00:00,0.18,0.16999999999999998
2024-08-14 08:30:00,0.02,0.15000000000000002
2024-08-14 10:15:00,0.36,0.32
2024-08-14 10:45:00,0.04,0.23
2024-08-14 12:30:00,0.05,0.13
2024-08-14 13:30:00,0.51,0.44
2024-08-14 13:45:00,0.38,0.13
2024-08-14 14:00:00,0.04,0.34
2024-08-14 16:15:00,0.19,0.17
2024-08-14 17:00:00,0.57,0.36999999999999994
2024-08-14 17:45:00,0.41,0.13000000000000006
2024-08-14 18:00:00,0.03,0.38
2024-08-14 18:45:00,0.24,0.13999999999999999
2024-08-14 19:30:00,0.04,0.10999999999999999
2024-08-14 20:15:00,0.28,0.27
2024-08-14 20:30:00,0.62,0.33999999999999997
2024-08-14 20:45:00,1.07,0.45000000000000007
2024-08-14 21:00:00,0.39,0.68
2024-08-14 21:15:00,0.2,0.19
2024-08-14 21:45:00,0.49,0.38
2024-08-14 22:00:00,0.07,0.42
2024-08-15 08:45:00,0.23,0.15000000000000002
2024-08-15 09:00:00,0.09,0.14
2024-08-15 09:15:00,0.21,0.12
2024-08-15 09:45:00,0.12,0.18
2024-08-15 10:15:00,0.22,0.16
2024-08-15 10:45:00,0.02,0.26
2024-08-15 12:15:00,0.66,0.62
2024-08-15 12:30:00,0.83,0.16999999999999993
2024-08-15 13:00:00,0.87,0.14
2024-08-15 13:15:00,0.57,0.30000000000000004
2024-08-15 13:30:00,0.07,0.49999999999999994
2024-08-15 18:15:00,0.53,0.49000000000000005
2024-08-15 19:45:00,0.28,0.29999999999999993
2024-08-15 20:00:00,0.01,0.27
2024-08-15 21:15:00,0.7,0.6
2024-08-15 21:30:00,0.83,0.13
2024-08-15 21:45:00,0.71,0.12
2024-08-15 22:00:00,0.6,0.10999999999999999
2024-08-15 22:15:00,0.41,0.19
2024-08-15 22:30:00,0.15,0.26
2024-08-16 01:00:00,0.82,0.74
2024-08-16 01:15:00,0.99,0.17000000000000004
2024-08-16 01:30:00,0.85,0.14
2024-08-16 02:00:00,0.7,0.15000000000000002
2024-08-16 02:15:00,0.46,0.23999999999999994
2024-08-16 02:30:00,0.07,0.39
2024-08-16 08:45:00,0.24,0.13999999999999999
2024-08-16 09:15:00,0.09,0.15
2024-08-16 11:15:00,0.24,0.16999999999999998
2024-08-16 12:00:00,0.11,0.21000000000000002
2024-08-16 14:45:00,0.58,0.51
2024-08-16 15:45:00,0.94,0.3799999999999999
2024-08-16 16:00:00,0.53,0.4099999999999999
2024-08-16 16:15:00,0.34,0.19
2024-08-16 16:30:00,0.55,0.21000000000000002
2024-08-16 16:45:00,0.11,0.44000000000000006
2024-08-16 21:00:00,0.25,0.19
2024-08-16 21:15:00,0.43,0.18
2024-08-16 21:45:00,0.08,0.26
2024-08-16 22:00:00,0.22,0.14
2024-08-16 22:45:00,0.06,0.16
2024-08-17 01:00:00,0.9,0.81
2024-08-17 01:15:00,0.73,0.17000000000000004
2024-08-17 01:45:00,0.17,0.51
2024-08-17 02:00:00,0.02,0.15000000000000002
2024-08-17 08:00:00,0.29,0.22999999999999998
2024-08-17 08:30:00,0.03,0.17
2024-08-17 09:30:00,0.22,0.19
2024-08-17 10:30:00,0.02,0.22
2024-08-17 17:15:00,0.48,0.47
2024-08-17 18:00:00,0.25,0.33999999999999997
2024-08-17 18:15:00,0.03,0.22
2024-08-17 22:00:00,0.32,0.27
2024-08-17 22:15:00,0.46,0.14
2024-08-17 22:45:00,0.31,0.18
2024-08-17 23:00:00,0.05,0.26
2024-08-18 01:00:00,0.52,0.45
2024-08-18 01:30:00,0.28,0.26
2024-08-18 01:45:00,0.02,0.26
2024-08-18 09:15:00,0.07,0.13999999999999999
2024-08-18 10:00:00,0.06,0.11000000000000001
2024-08-18 10:45:00,0.15,0.12
2024-08-18 12:15:00,0.3,0.27999999999999997
2024-08-18 12:30:00,1.0,0.7
2024-08-18 12:45:00,0.74,0.26
2024-08-18 13:30:00,0.38,0.26
2024-08-18 13:45:00,0.07,0.31
2024-08-18 15:45:00,0.4,0.35000000000000003
2024-08-18 16:00:00,0.56,0.16000000000000003
2024-08-18 16:45:00,0.39,0.15000000000000002
2024-08-18 17:00:00,0.02,0.37
2024-08-18 17:30:00,0.29,0.24999999999999997
2024-08-18 17:45:00,0.03,0.26
2024-08-18 20:45:00,0.35,0.26999999999999996
2024-08-18 21:15:00,0.18,0.10999999999999999
2024-08-18 21:30:00,0.07,0.10999999999999999
2024-08-18 22:30:00,0.24,0.18
2024-08-18 22:45:00,0.51,0.27
2024-08-18 23:00:00,0.18,0.33
2024-08-18 23:15:00,0.03,0.15
2024-08-19 08:45:00,0.52,0.41000000000000003
2024-08-19 09:00:00,0.15,0.37
2024-08-19 09:15:00,0.39,0.24000000000000002
2024-08-19 09:30:00,0.29,0.10000000000000003
2024-08-19 09:45:00,0.06,0.22999999999999998
2024-08-19 10:00:00,0.3,0.24
2024-08-19 10:15:00,0.97,0.6699999999999999
2024-08-19 10:30:00,0.82,0.15000000000000002
2024-08-19 10:45:00,0.54,0.2799999999999999
2024-08-19 11:00:00,0.09,0.45000000000000007
2024-08-19 14:15:00,0.46,0.41000000000000003
2024-08-19 14:30:00,0.86,0.39999999999999997
2024-08-19 14:45:00,0.57,0.29000000000000004
2024-08-19 15:00:00,0.69,0.12
2024-08-19 15:30:00,0.36,0.24
2024-08-19 15:45:00,0.11,0.25
2024-08-19 16:30:00,0.3,0.24
2024-08-19 16:45:00,0.57,0.26999999999999996
2024-08-19 17:45:00,0.89,0.31000000000000005
2024-08-19 18:15:00,0.51,0.30000000000000004
2024-08-19 18:45:00,0.02,0.44999999999999996
2024-08-19 22:15:00,0.39,0.29000000000000004
2024-08-19 22:30:00,0.19,0.2
2024-08-20 08:00:00,0.3,0.21999999999999997
2024-08-20 08:30:00,0.07,0.13
2024-08-20 09:00:00,0.44,0.41000000000000003
2024-08-20 09:30:00,0.18,0.18
2024-08-20 09:45:00,0.03,0.15
2024-08-20 12:30:00,0.18,0.15
2024-08-20 14:30:00,0.37,0.33
2024-08-20 14:45:00,0.6,0.22999999999999998
2024-08-20 16:45:00,0.34,0.22999999999999993
2024-08-20 17:00:00,0.02,0.32
2024-08-20 21:00:00,0.33,0.29000000000000004
2024-08-20 21:15:00,0.57,0.23999999999999994
2024-08-20 21:30:00,0.45,0.11999999999999994
2024-08-20 21:45:00,0.06,0.39
2024-08-20 22:45:00,0.16,0.12
2024-08-20 23:00:00,0.55,0.39
2024-08-20 23:15:00,0.39,0.16000000000000003
2024-08-20 23:30:00,0.12,0.27
2024-08-21 09:30:00,0.31,0.16
2024-08-21 09:45:00,0.53,0.22000000000000003
2024-08-21 10:00:00,0.29,0.24000000000000005
2024-08-21 10:15:00,0.04,0.24999999999999997
2024-08-21 16:00:00,0.68,0.56
2024-08-21 16:15:00,0.58,0.10000000000000009
2024-08-21 17:00:00,0.48,0.10999999999999999
2024-08-21 17:15:00,0.05,0.43
2024-08-21 21:30:00,0.34,0.33
2024-08-21 21:45:00,0.51,0.16999999999999998
2024-08-21 22:00:00,0.06,0.45
2024-08-21 23:30:00,0.46,0.43000000000000005
2024-08-22 00:15:00,0.3,0.21000000000000002
2024-08-22 00:30:00,0.03,0.27
2024-08-22 08:00:00,0.22,0.19
2024-08-22 08:15:00,0.03,0.19
2024-08-22 09:45:00,0.34,0.28
2024-08-22 10:00:00,0.47,0.12999999999999995
2024-08-22 10:30:00,0.03,0.44999999999999996
2024-08-22 14:15:00,0.63,0.51
2024-08-22 14:30:00,0.36,0.27
2024-08-22 14:45:00,0.11,0.25
2024-08-22 15:15:00,0.44,0.42
2024-08-22 15:30:00,0.54,0.10000000000000003
2024-08-22 15:45:00,0.38,0.16000000000000003
2024-08-22 16:00:00,0.03,0.35
2024-08-22 21:15:00,0.3,0.21999999999999997
2024-08-22 21:30:00,0.15,0.15
2024-08-22 21:45:00,0.34,0.19000000000000003
2024-08-22 22:00:00,0.2,0.14
2024-08-22 22:15:00,0.03,0.17
2024-08-22 23:00:00,0.38,0.35
2024-08-22 23:15:00,0.52,0.14
2024-08-22 23:30:00,0.17,0.35
2024-08-23 00:30:00,0.03,0.11000000000000001
2024-08-23 02:15:00,0.69,0.6299999999999999
2024-08-23 02:30:00,0.33,0.35999999999999993
2024-08-23 02:45:00,0.19,0.14
2024-08-23 03:00:00,0.02,0.17
2024-08-23 09:30:00,0.41,0.24999999999999997
2024-08-23 09:45:00,0.52,0.11000000000000004
2024-08-23 10:00:00,0.05,0.47000000000000003
2024-08-23 12:45:00,0.24,0.22999999999999998
2024-08-23 13:30:00,0.34,0.2
2024-08-23 13:45:00,0.21,0.13000000000000003
2024-08-23 14:00:00,0.04,0.16999999999999998
2024-08-23 21:00:00,0.27,0.23
2024-08-23 22:45:00,0.14,0.32
2024-08-24 08:15:00,0.28,0.25
2024-08-24 08:30:00,0.03,0.25
2024-08-24 10:15:00,0.05,0.21000000000000002
2024-08-24 14:00:00,0.31,0.21
2024-08-24 14:15:00,0.54,0.23000000000000004
2024-08-24 14:30:00,0.4,0.14
2024-08-24 15:00:00,0.04,0.32
2024-08-24 23:00:00,0.34,0.27
2024-08-24 23:15:00,0.46,0.12
2024-08-25 01:00:00,0.14,0.35
2024-08-25 09:45:00,0.19,0.11
2024-08-25 10:15:00,0.27,0.12000000000000002
2024-08-25 10:30:00,0.15,0.12000000000000002
2024-08-25 10:45:00,0.98,0.83
2024-08-25 11:00:00,0.17,0.8099999999999999
2024-08-25 11:15:00,0.03,0.14
2024-08-25 12:30:00,0.46,0.42000000000000004
2024-08-25 12:45:00,0.74,0.27999999999999997
2024-08-25 13:30:00,0.43,0.2
2024-08-25 13:45:00,0.57,0.13999999999999996
2024-08-25 14:30:00,0.12,0.39
2024-08-25 14:45:00,0.44,0.32
2024-08-25 15:00:00,0.58,0.13999999999999996
2024-08-25 16:00:00,0.04,0.46
2024-08-25 21:15:00,0.28,0.21000000000000002
2024-08-25 21:45:00,0.4,0.12
2024-08-25 22:45:00,0.07,0.26
2024-08-26 08:00:00,0.45,0.35
2024-08-26 08:15:00,0.69,0.23999999999999994
2024-08-26 08:30:00,0.17,0.5199999999999999
2024-08-26 08:45:00,0.05,0.12000000000000001
2024-08-26 10:15:00,0.9,0.85
2024-08-26 10:45:00,0.69,0.16000000000000003
2024-08-26 11:00:00,0.52,0.16999999999999993
2024-08-26 11:15:00,0.29,0.23000000000000004
2024-08-26 11:30:00,0.09,0.19999999999999998
2024-08-26 12:45:00,0.24,0.18
2024-08-26 13:15:00,0.56,0.24000000000000005
2024-08-26 13:30:00,0.14,0.42000000000000004
2024-08-26 16:30:00,0.22,0.19
2024-08-26 17:00:00,0.04,0.15
2024-08-26 19:45:00,0.54,0.5
2024-08-26 20:00:00,0.29,0.25000000000000006
2024-08-26 20:15:00,0.18,0.10999999999999999
2024-08-26 21:00:00,0.45,0.25
2024-08-26 21:15:00,0.63,0.18
2024-08-26 23:15:00,0.8,0.27
2024-08-26 23:30:00,0.41,0.39000000000000007
2024-08-26 23:45:00,0.06,0.35
2024-08-27 08:15:00,0.3,0.21
2024-08-27 08:30:00,0.05,0.25
2024-08-27 08:45:00,0.18,0.13
2024-08-27 09:15:00,0.45,0.32
2024-08-27 09:30:00,0.21,0.24000000000000002
2024-08-27 09:45:00,0.09,0.12
2024-08-27 12:45:00,0.41,0.39999999999999997
2024-08-27 13:00:00,0.59,0.18
2024-08-27 15:30:00,1.1,0.5000000000000001
2024-08-27 15:45:00,0.71,0.3900000000000001
2024-08-27 16:00:00,0.56,0.1499999999999999
2024-08-27 16:15:00,0.04,0.52
2024-08-27 21:30:00,0.2,0.11000000000000001
2024-08-27 22:00:00,0.09,0.13
2024-08-27 22:45:00,0.57,0.43999999999999995
2024-08-27 23:00:00,0.15,0.41999999999999993
2024-08-28 08:30:00,0.78,0.71
2024-08-28 08:45:00,0.64,0.14
2024-08-28 09:00:00,0.53,0.10999999999999999
2024-08-28 09:15:00,0.16,0.37
2024-08-28 13:15:00,0.52,0.49
2024-08-28 13:45:00,0.13,0.36
2024-08-28 14:15:00,0.63,0.54
2024-08-28 16:00:00,0.39,0.18999999999999995
2024-08-28 16:15:00,0.01,0.38
2024-08-29 00:00:00,0.4,0.32
2024-08-29 00:15:00,0.53,0.13
2024-08-29 00:30:00,0.1,0.43000000000000005
2024-08-29 01:00:00,0.54,0.42000000000000004
2024-08-29 01:15:00,0.24,0.30000000000000004
2024-08-29 01:30:00,0.07,0.16999999999999998
2024-08-29 09:15:00,0.27,0.16000000000000003
2024-08-29 09:30:00,0.08,0.19
2024-08-29 10:30:00,1.19,1.13
2024-08-29 10:45:00,0.74,0.44999999999999996
2024-08-29 11:00:00,0.53,0.20999999999999996
2024-08-29 11:15:00,0.18,0.35000000000000003
2024-08-29 13:15:00,0.43,0.42
2024-08-29 13:30:00,0.16,0.27
2024-08-29 13:45:00,0.01,0.15
2024-08-29 14:00:00,0.47,0.45999999999999996
2024-08-29 14:15:00,0.26,0.20999999999999996
2024-08-29 14:45:00,0.34,0.12000000000000002
2024-08-29 15:00:00,0.59,0.24999999999999994
2024-08-29 15:30:00,0.83,0.26
2024-08-29 15:45:00,0.58,0.25
2024-08-29 16:45:00,0.23,0.33000000000000007
2024-08-29 17:00:00,0.02,0.21000000000000002
2024-08-29 21:30:00,0.59,0.5
2024-08-29 21:45:00,0.46,0.12999999999999995
2024-08-29 22:45:00,0.22,0.24999999999999997
2024-08-29 23:00:00,0.08,0.14
2024-08-30 00:00:00,0.24,0.16999999999999998
2024-08-30 00:15:00,0.45,0.21000000000000002
2024-08-30 00:30:00,0.05,0.4
2024-08-30 09:30:00,0.17,0.11000000000000001
2024-08-30 10:30:00,0.22,0.19
2024-08-30 10:45:00,0.05,0.16999999999999998
2024-08-30 13:45:00,0.19,0.18
2024-08-30 15:00:00,0.21,0.15
2024-08-30 15:15:00,0.05,0.15999999999999998
2024-08-30 21:00:00,0.29,0.24999999999999997
2024-08-30 21:30:00,0.5,0.31
2024-08-30 21:45:00,0.3,0.2
2024-08-30 22:00:00,0.18,0.12
2024-08-30 22:15:00,0.05,0.13
2024-08-30 23:30:00,0.07,0.16999999999999998
2024-08-31 08:15:00,0.25,0.19
2024-08-31 08:30:00,0.13,0.12
2024-08-31 10:45:00,0.02,0.11
2024-08-31 14:00:00,0.02,0.12000000000000001
2024-08-31 15:15:00,0.58,0.49999999999999994
2024-08-31 15:45:00,0.3,0.26000000000000006
2024-08-31 16:00:00,0.05,0.25
2024-08-31 21:45:00,0.31,0.19
2024-08-31 22:00:00,0.03,0.28
2024-09-01 00:00:00,0.34,0.28
2024-09-01 00:15:00,0.03,0.31000000000000005
2024-09-01 08:45:00,0.36,0.31
2024-09-01 09:30:00,0.04,0.19999999999999998
2024-09-01 10:00:00,0.19,0.12
2024-09-01 11:45:00,0.32,0.22
2024-09-01 12:00:00,0.06,0.26
2024-09-01 12:15:00,0.73,0.6699999999999999
2024-09-01 12:30:00,0.95,0.21999999999999997
2024-09-01 13:00:00,0.74,0.17000000000000004
2024-09-01 13:15:00,0.6,0.14
2024-09-01 13:30:00,0.37,0.22999999999999998
2024-09-01 13:45:00,0.1,0.27
2024-09-01 15:00:00,0.37,0.26
2024-09-01 15:15:00,0.03,0.33999999999999997
2024-09-01 16:00:00,0.27,0.19
2024-09-01 16:15:00,0.04,0.23
2024-09-01 19:45:00,0.18,0.13
2024-09-01 20:15:00,0.09,0.13
2024-09-01 20:30:00,0.36,0.27
2024-09-01 21:15:00,0.52,0.12
2024-09-01 21:30:00,0.11,0.41000000000000003
2024-09-02 09:45:00,0.43,0.42
2024-09-02 10:00:00,0.87,0.44
2024-09-02 10:15:00,0.74,0.13
2024-09-02 10:45:00,0.17,0.47
2024-09-02 13:15:00,0.63,0.62
2024-09-02 13:30:00,1.12,0.4900000000000001
2024-09-02 13:45:00,0.72,0.40000000000000013
2024-09-02 15:00:00,0.44,0.18
2024-09-02 15:15:00,0.56,0.12000000000000005
2024-09-02 15:45:00,0.32,0.23000000000000004
2024-09-02 16:00:00,0.1,0.22
2024-09-02 21:15:00,0.36,0.26
2024-09-02 21:30:00,0.21,0.15
2024-09-02 21:45:00,0.06,0.15
2024-09-03 11:30:00,0.2,0.17
2024-09-03 11:45:00,0.93,0.73
2024-09-03 12:00:00,0.82,0.1100000000000001
2024-09-03 12:30:00,0.56,0.17999999999999994
2024-09-03 12:45:00,0.26,0.30000000000000004
2024-09-03 13:00:00,0.12,0.14
2024-09-03 13:15:00,0.44,0.32
2024-09-03 13:45:00,0.22,0.16
2024-09-03 14:00:00,0.06,0.16
2024-09-03 18:00:00,0.25,0.2
2024-09-03 18:15:00,0.64,0.39
2024-09-03 18:30:00,0.04,0.6
2024-09-03 20:45:00,0.28,0.2
2024-09-03 21:00:00,0.78,0.5
2024-09-03 21:15:00,0.49,0.29000000000000004
2024-09-03 21:30:00,0.29,0.2
2024-09-03 21:45:00,0.06,0.22999999999999998
2024-09-04 02:45:00,0.27,0.23
2024-09-04 03:00:00,0.04,0.23
2024-09-04 08:15:00,0.28,0.10000000000000003
2024-09-04 08:45:00,0.07,0.16
2024-09-04 13:30:00,0.7,0.6499999999999999
2024-09-04 13:45:00,1.16,0.45999999999999996
2024-09-04 14:00:00,1.04,0.11999999999999988
2024-09-04 14:15:00,0.93,0.10999999999999999
2024-09-04 14:30:00,0.8,0.13
2024-09-04 14:45:00,0.66,0.14
2024-09-04 16:00:00,0.13,0.5
2024-09-04 21:30:00,0.27,0.16000000000000003
2024-09-04 22:15:00,0.55,0.25000000000000006
2024-09-04 22:30:00,0.38,0.17000000000000004
2024-09-04 22:45:00,0.04,0.34
2024-09-05 09:00:00,0.34,0.25
2024-09-05 09:15:00,0.2,0.14
2024-09-05 09:30:00,0.08,0.12000000000000001
2024-09-05 13:15:00,0.62,0.5
2024-09-05 13:30:00,1.5,0.88
2024-09-05 13:45:00,2.21,0.71
2024-09-05 14:00:00,1.77,0.43999999999999995
2024-09-05 14:15:00,1.39,0.3800000000000001
2024-09-05 15:00:00,0.99,0.29000000000000004
2024-09-05 15:15:00,0.51,0.48
2024-09-05 15:30:00,0.66,0.15000000000000002
2024-09-05 16:00:00,0.07,0.54
2024-09-05 22:45:00,0.46,0.44
2024-09-06 00:00:00,0.21,0.3500000000000001
2024-09-06 00:15:00,0.46,0.25
2024-09-06 01:30:00,0.06,0.46
2024-09-06 07:45:00,0.3,0.15999999999999998
2024-09-06 08:15:00,0.06,0.28
2024-09-06 16:00:00,0.62,0.48
2024-09-06 16:30:00,0.05,0.6699999999999999
2024-09-06 21:15:00,0.59,0.49
2024-09-06 21:30:00,0.46,0.12999999999999995
2024-09-06 22:15:00,0.53,0.12000000000000005
2024-09-06 22:30:00,0.3,0.23000000000000004
2024-09-06 22:45:00,0.11,0.19
2024-09-06 23:00:00,0.46,0.35000000000000003
2024-09-06 23:15:00,0.56,0.10000000000000003
2024-09-07 00:15:00,0.07,0.36
2024-09-07 10:00:00,0.18,0.10999999999999999
2024-09-07 10:30:00,0.12,0.12
2024-09-07 10:45:00,0.34,0.22000000000000003
2024-09-07 11:00:00,0.13,0.21000000000000002
2024-09-07 13:30:00,0.3,0.27999999999999997
2024-09-07 13:45:00,0.12,0.18
2024-09-07 14:00:00,0.61,0.49
2024-09-07 16:45:00,0.05,0.45
2024-09-07 21:30:00,0.49,0.43
2024-09-07 22:45:00,0.07,0.46
2024-09-07 23:15:00,0.2,0.16
2024-09-07 23:30:00,0.06,0.14
2024-09-08 10:00:00,0.05,0.11
2024-09-08 13:15:00,0.4,0.39
2024-09-08 13:30:00,0.67,0.27
2024-09-08 13:45:00,0.2,0.47000000000000003
2024-09-08 14:00:00,0.06,0.14
2024-09-08 16:00:00,0.23,0.18
2024-09-08 16:15:00,0.77,0.54
2024-09-08 16:30:00,0.51,0.26
2024-09-08 16:45:00,0.3,0.21000000000000002
2024-09-08 17:00:00,0.11,0.19
2024-09-08 20:15:00,0.36,0.25
2024-09-08 20:45:00,0.28,0.15999999999999998
2024-09-08 21:00:00,0.47,0.18999999999999995
2024-09-08 21:15:00,0.59,0.12
2024-09-08 23:00:00,0.1,0.47
2024-09-09 02:30:00,0.33,0.31
2024-09-09 03:00:00,0.07,0.25
2024-09-09 08:45:00,0.34,0.25
2024-09-09 09:30:00,0.5,0.32
2024-09-09 10:00:00,0.81,0.33000000000000007
2024-09-09 10:15:00,1.06,0.25
2024-09-09 10:30:00,0.68,0.38
2024-09-09 10:45:00,0.5,0.18000000000000005
2024-09-09 11:00:00,0.23,0.27
2024-09-09 11:15:00,0.1,0.13
2024-09-09 13:45:00,0.23,0.13
2024-09-09 14:00:00,0.1,0.13
2024-09-09 14:30:00,0.28,0.24000000000000002
2024-09-09 14:45:00,0.6,0.31999999999999995
2024-09-09 16:00:00,0.13,0.43999999999999995
2024-09-09 16:15:00,0.01,0.12000000000000001
2024-09-09 17:30:00,0.25,0.16
2024-09-09 18:15:00,0.06,0.22000000000000003
2024-09-09 20:30:00,0.24,0.18
2024-09-09 20:45:00,0.53,0.29000000000000004
2024-09-09 21:00:00,0.41,0.12000000000000005
2024-09-09 21:15:00,0.1,0.30999999999999994
2024-09-09 21:30:00,0.26,0.16
2024-09-09 23:30:00,0.5,0.42
2024-09-10 00:00:00,0.1,0.4
2024-09-10 02:30:00,0.18,0.12
2024-09-10 02:45:00,0.43,0.25
2024-09-10 03:00:00,0.08,0.35
2024-09-10 03:45:00,0.25,0.15
2024-09-10 04:00:00,0.11,0.14
2024-09-10 10:15:00,0.07,0.16999999999999998
2024-09-10 14:00:00,0.44,0.42
2024-09-10 14:15:00,0.04,0.4
2024-09-10 15:45:00,0.24,0.22
2024-09-10 16:00:00,0.44,0.2
2024-09-10 16:15:00,0.18,0.26
2024-09-10 17:15:00,0.21,0.13999999999999999
2024-09-10 17:30:00,0.08,0.13
2024-09-10 21:00:00,0.34,0.28
2024-09-10 22:00:00,0.23,0.23
2024-09-10 23:15:00,1.05,0.9500000000000001
2024-09-10 23:30:00,0.76,0.29000000000000004
2024-09-11 00:00:00,0.5,0.17000000000000004
2024-09-11 00:15:00,0.19,0.31
2024-09-11 07:00:00,0.22,0.21
2024-09-11 07:15:00,0.06,0.16
2024-09-11 08:00:00,0.24,0.15999999999999998
2024-09-11 08:15:00,0.09,0.15
2024-09-11 08:30:00,0.4,0.31000000000000005
2024-09-11 08:45:00,0.08,0.32
2024-09-11 10:30:00,0.39,0.24000000000000002
2024-09-11 10:45:00,0.83,0.43999999999999995
2024-09-11 11:15:00,0.53,0.27
2024-09-11 11:30:00,0.2,0.33
2024-09-11 13:00:00,0.53,0.45
2024-09-11 13:30:00,0.19,0.42
2024-09-11 15:15:00,0.5,0.46
2024-09-11 16:00:00,0.13,0.4
2024-09-11 16:15:00,0.02,0.11
2024-09-11 21:15:00,0.21,0.15999999999999998
2024-09-11 21:30:00,0.08,0.13
2024-09-12 08:30:00,0.16,0.12
2024-09-12 08:45:00,0.29,0.12999999999999998
2024-09-12 09:00:00,0.16,0.12999999999999998
2024-09-12 09:45:00,0.84,0.71
2024-09-12 10:00:00,0.72,0.12
2024-09-12 10:15:00,0.24,0.48
2024-09-12 10:30:00,0.06,0.18
2024-09-12 13:15:00,0.29,0.26
2024-09-12 13:30:00,0.14,0.14999999999999997
2024-09-12 14:00:00,0.71,0.5399999999999999
2024-09-12 14:30:00,0.6,0.20000000000000007
2024-09-12 14:45:00,0.07,0.53
2024-09-12 17:15:00,0.19,0.13
2024-09-12 17:30:00,0.06,0.13
2024-09-12 22:45:00,0.45,0.39
2024-09-12 23:00:00,0.3,0.15000000000000002
2024-09-12 23:15:00,0.09,0.21
2024-09-12 23:30:00,0.28,0.19000000000000003
2024-09-12 23:45:00,0.13,0.15000000000000002
2024-09-13 09:15:00,0.34,0.22000000000000003
2024-09-13 09:30:00,0.06,0.28
2024-09-13 09:45:00,0.59,0.53
2024-09-13 10:00:00,0.25,0.33999999999999997
2024-09-13 10:15:00,0.04,0.21
2024-09-13 12:45:00,0.39,0.35000000000000003
2024-09-13 13:00:00,0.12,0.27
2024-09-13 13:45:00,0.6,0.43999999999999995
2024-09-13 14:00:00,0.46,0.13999999999999996
2024-09-13 14:15:00,0.16,0.30000000000000004
2024-09-13 14:30:00,0.29,0.12999999999999998
2024-09-13 14:45:00,0.08,0.20999999999999996
2024-09-13 15:00:00,0.22,0.14
2024-09-13 15:15:00,0.04,0.18
2024-09-13 15:45:00,0.25,0.2
2024-09-13 16:15:00,0.06,0.12
2024-09-13 19:00:00,0.29,0.19999999999999998
2024-09-13 19:30:00,0.07,0.13999999999999999
2024-09-13 21:15:00,0.27,0.23
2024-09-13 21:45:00,0.87,0.63
2024-09-13 22:00:00,0.09,0.78
2024-09-14 01:00:00,0.21,0.13
2024-09-14 01:15:00,0.08,0.13
2024-09-14 02:15:00,0.24,0.15
2024-09-14 02:30:00,0.07,0.16999999999999998
2024-09-14 02:45:00,0.48,0.41
2024-09-14 03:30:00,0.14,0.35
2024-09-14 03:45:00,0.03,0.11000000000000001
2024-09-14 08:15:00,0.02,0.11
2024-09-14 09:45:00,0.28,0.16000000000000003
2024-09-14 10:00:00,0.1,0.18000000000000002
2024-09-14 13:15:00,0.32,0.28
2024-09-14 14:15:00,0.04,0.10999999999999999
2024-09-14 15:15:00,0.14,0.11000000000000001
2024-09-14 15:30:00,0.61,0.47
2024-09-14 16:30:00,0.22,0.35
2024-09-14 16:45:00,0.08,0.14
2024-09-15 08:15:00,0.24,0.18
2024-09-15 08:45:00,0.14,0.14999999999999997
2024-09-15 10:15:00,0.72,0.64
2024-09-15 10:30:00,0.46,0.25999999999999995
2024-09-15 11:00:00,0.53,0.10000000000000003
2024-09-15 11:15:00,0.98,0.44999999999999996
2024-09-15 11:30:00,0.4,0.58
2024-09-15 12:00:00,0.57,0.14999999999999997
2024-09-15 12:15:00,0.88,0.31000000000000005
2024-09-15 12:30:00,1.01,0.13
2024-09-15 13:00:00,0.67,0.37
2024-09-15 13:15:00,0.54,0.13
2024-09-15 14:45:00,0.04,0.49000000000000005
2024-09-15 15:30:00,0.2,0.16
2024-09-15 15:45:00,0.53,0.33
2024-09-15 16:15:00,0.11,0.41000000000000003
2024-09-15 23:15:00,0.15,0.13
2024-09-16 00:00:00,0.21,0.12
2024-09-16 00:30:00,0.51,0.28
2024-09-16 00:45:00,0.29,0.22000000000000003
2024-09-16 01:00:00,0.05,0.24
2024-09-16 08:15:00,0.29,0.24999999999999997
2024-09-16 08:30:00,0.13,0.15999999999999998
2024-09-16 08:45:00,0.49,0.36
2024-09-16 09:00:00,0.24,0.25
2024-09-16 09:30:00,0.15,0.18000000000000002
2024-09-16 10:15:00,0.18,0.13
2024-09-16 12:00:00,0.4,0.39
2024-09-16 12:15:00,1.15,0.7499999999999999
2024-09-16 12:30:00,0.73,0.41999999999999993
2024-09-16 13:15:00,0.56,0.12
2024-09-16 13:30:00,0.11,0.45000000000000007
2024-09-16 14:00:00,0.41,0.27999999999999997
2024-09-16 14:15:00,0.2,0.20999999999999996
2024-09-16 14:45:00,0.11,0.16000000000000003
2024-09-16 16:15:00,0.23,0.18
2024-09-16 16:30:00,0.06,0.17
2024-09-16 18:15:00,0.29,0.19999999999999998
2024-09-16 18:30:00,0.02,0.26999999999999996
2024-09-16 19:30:00,0.22,0.16
2024-09-16 19:45:00,0.08,0.14
2024-09-16 20:30:00,0.56,0.4700000000000001
2024-09-16 20:45:00,0.23,0.33000000000000007
2024-09-16 21:00:00,0.1,0.13
2024-09-17 00:00:00,0.14,0.11000000000000001
2024-09-17 00:45:00,0.34,0.23000000000000004
2024-09-17 01:00:00,0.71,0.36999999999999994
2024-09-17 01:45:00,0.39,0.20999999999999996
2024-09-17 02:30:00,0.15,0.13999999999999999
2024-09-17 04:45:00,0.29,0.26
2024-09-17 05:00:00,0.78,0.49000000000000005
2024-09-17 06:15:00,0.26,0.27
2024-09-17 06:30:00,0.07,0.19
2024-09-17 08:30:00,0.24,0.16999999999999998
2024-09-17 09:00:00,0.07,0.26
2024-09-17 10:30:00,0.81,0.66
2024-09-17 11:45:00,0.42,0.27999999999999997
2024-09-17 12:00:00,0.12,0.3
2024-09-17 12:30:00,0.38,0.34
2024-09-17 12:45:00,0.07,0.31
2024-09-17 14:30:00,0.05,0.12000000000000001
2024-09-17 20:30:00,0.18,0.13
2024-09-17 20:45:00,0.7,0.52
2024-09-17 21:00:00,0.15,0.5499999999999999
2024-09-18 00:30:00,0.22,0.18
2024-09-18 01:00:00,0.04,0.23
2024-09-18 08:45:00,0.25,0.18
2024-09-18 09:30:00,0.43,0.18
2024-09-18 09:45:00,0.22,0.21
2024-09-18 10:00:00,0.07,0.15
2024-09-18 12:45:00,0.23,0.16
2024-09-18 13:00:00,0.03,0.2
2024-09-18 13:15:00,0.16,0.13
2024-09-18 14:00:00,0.03,0.11000000000000001
2024-09-18 21:15:00,0.28,0.21000000000000002
2024-09-18 22:45:00,0.13,0.14
2024-09-19 02:30:00,0.17,0.11000000000000001
2024-09-19 02:45:00,0.02,0.15000000000000002
2024-09-19 10:15:00,0.35,0.31999999999999995
2024-09-19 10:30:00,0.59,0.24
2024-09-19 11:00:00,0.27,0.28
2024-09-19 11:15:00,0.08,0.19
2024-09-19 12:15:00,0.25,0.14
2024-09-19 12:30:00,0.1,0.15
2024-09-19 14:00:00,0.33,0.2
2024-09-19 14:15:00,1.18,0.8499999999999999
2024-09-19 14:30:00,1.5,0.32000000000000006
2024-09-19 14:45:00,1.39,0.1100000000000001
2024-09-19 15:45:00,1.11,0.16999999999999993
2024-09-19 16:00:00,0.87,0.2400000000000001
2024-09-19 16:15:00,0.14,0.73
2024-09-19 20:45:00,0.28,0.2
2024-09-19 23:00:00,0.27,0.19
2024-09-19 23:15:00,0.05,0.22000000000000003
2024-09-20 00:15:00,0.34,0.29000000000000004
2024-09-20 00:30:00,0.13,0.21000000000000002
2024-09-20 08:00:00,0.16,0.11
2024-09-20 08:15:00,0.04,0.12
2024-09-20 09:00:00,0.24,0.13
2024-09-20 09:15:00,0.11,0.13
2024-09-20 11:30:00,0.17,0.12000000000000001
2024-09-20 11:45:00,0.05,0.12000000000000001
2024-09-20 14:00:00,0.17,0.13
2024-09-20 14:15:00,0.35,0.17999999999999997
2024-09-20 15:00:00,0.54,0.2
2024-09-20 15:45:00,0.42,0.12000000000000005
2024-09-20 16:00:00,0.02,0.39999999999999997
2024-09-20 16:15:00,0.52,0.5
2024-09-20 16:30:00,0.73,0.20999999999999996
2024-09-20 16:45:00,0.59,0.14
2024-09-20 17:15:00,0.04,0.46
2024-09-20 22:45:00,0.53,0.41000000000000003
2024-09-21 00:00:00,0.26,0.22999999999999998
2024-09-21 00:15:00,0.06,0.2
2024-09-21 07:45:00,0.31,0.28
2024-09-21 08:00:00,0.07,0.24
2024-09-21 09:45:00,0.29,0.24999999999999997
2024-09-21 10:00:00,0.01,0.27999999999999997
2024-09-21 10:15:00,0.78,0.77
2024-09-21 10:30:00,1.07,0.29000000000000004
2024-09-21 10:45:00,0.9,0.17000000000000004
2024-09-21 11:00:00,0.78,0.12
2024-09-21 11:15:00,0.57,0.21000000000000008
2024-09-21 11:30:00,0.11,0.45999999999999996
2024-09-21 14:30:00,0.46,0.31000000000000005
2024-09-21 15:00:00,0.61,0.18
2024-09-21 17:15:00,0.02,0.49
2024-09-21 17:45:00,0.19,0.17
2024-09-21 21:30:00,0.28,0.15000000000000002
2024-09-21 22:15:00,0.42,0.13999999999999996
2024-09-21 22:30:00,0.08,0.33999999999999997
2024-09-22 01:00:00,0.53,0.47000000000000003
2024-09-22 01:15:00,0.11,0.42000000000000004
2024-09-22 08:15:00,0.16,0.13
2024-09-22 09:30:00,0.23,0.14
2024-09-22 10:00:00,0.02,0.31
2024-09-22 11:00:00,0.16,0.13
2024-09-22 11:15:00,0.04,0.12
2024-09-22 12:15:00,0.29,0.27999999999999997
2024-09-22 13:30:00,0.24,0.18
2024-09-22 14:00:00,0.1,0.15
2024-09-22 14:15:00,0.52,0.42000000000000004
2024-09-22 14:30:00,0.67,0.15000000000000002
2024-09-22 16:15:00,0.22,0.37
2024-09-22 16:30:00,0.08,0.14
2024-09-22 20:00:00,0.53,0.36
2024-09-22 20:15:00,0.42,0.11000000000000004
2024-09-22 21:00:00,0.13,0.41000000000000003
2024-09-23 09:00:00,0.53,0.47000000000000003
2024-09-23 09:15:00,0.09,0.44000000000000006
2024-09-23 09:30:00,0.45,0.36
2024-09-23 09:45:00,0.73,0.27999999999999997
2024-09-23 10:00:00,0.03,0.7
2024-09-23 13:00:00,0.69,0.59
2024-09-23 13:15:00,1.07,0.3800000000000001
2024-09-23 13:30:00,0.84,0.2300000000000001
2024-09-23 13:45:00,1.0,0.16000000000000003
2024-09-23 14:00:00,1.12,0.1200000000000001
2024-09-23 14:15:00,0.69,0.43000000000000016
2024-09-23 16:00:00,0.04,0.46
2024-09-23 17:15:00,0.64,0.5700000000000001
2024-09-23 17:30:00,0.13,0.51
2024-09-23 21:00:00,0.33,0.25
2024-09-23 21:15:00,0.5,0.16999999999999998
2024-09-23 21:30:00,0.74,0.24
2024-09-23 21:45:00,0.61,0.13
2024-09-24 01:00:00,0.08,0.44
2024-09-24 03:15:00,0.54,0.44000000000000006
2024-09-24 05:45:00,0.25,0.22999999999999998
2024-09-24 06:00:00,0.01,0.24
2024-09-24 09:00:00,0.31,0.24
2024-09-24 09:15:00,0.13,0.18
2024-09-24 09:30:00,0.35,0.21999999999999997
2024-09-24 10:00:00,0.08,0.31
2024-09-24 10:15:00,0.44,0.36
2024-09-24 10:30:00,0.54,0.10000000000000003
2024-09-24 11:15:00,0.07,0.49000000000000005
2024-09-24 13:00:00,0.29,0.19999999999999998
2024-09-24 13:15:00,0.42,0.13
2024-09-24 13:30:00,0.65,0.23000000000000004
2024-09-24 13:45:00,0.12,0.53
2024-09-24 14:00:00,0.96,0.84
2024-09-24 14:30:00,0.74,0.18000000000000005
2024-09-24 15:45:00,0.41,0.23000000000000004
2024-09-24 16:00:00,0.03,0.38
2024-09-24 22:00:00,0.36,0.27999999999999997
2024-09-24 22:15:00,0.56,0.20000000000000007
2024-09-24 23:15:00,0.98,0.45999999999999996
2024-09-24 23:45:00,0.59,0.31000000000000005
2024-09-25 01:00:00,0.37,0.16000000000000003
2024-09-25 01:15:00,0.03,0.33999999999999997
2024-09-25 09:30:00,0.41,0.26999999999999996
2024-09-25 09:45:00,0.04,0.37
2024-09-25 12:30:00,0.34,0.21000000000000002
2024-09-25 12:45:00,0.65,0.31
2024-09-25 13:15:00,0.51,0.19999999999999996
2024-09-25 13:30:00,1.23,0.72
2024-09-25 14:00:00,0.94,0.33000000000000007
2024-09-25 14:30:00,1.25,0.41000000000000003
2024-09-25 15:00:00,0.55,0.6299999999999999
2024-09-25 15:15:00,0.19,0.36000000000000004
2024-09-25 21:45:00,0.27,0.22000000000000003
2024-09-25 22:00:00,0.09,0.18000000000000002
2024-09-25 23:45:00,0.26,0.23
2024-09-26 00:00:00,0.5,0.24
2024-09-26 00:15:00,0.36,0.14
2024-09-26 00:30:00,0.21,0.15
2024-09-26 00:45:00,0.07,0.13999999999999999
2024-09-26 08:30:00,0.38,0.28
2024-09-26 08:45:00,0.15,0.23
2024-09-26 09:15:00,0.22,0.13
2024-09-26 09:30:00,0.05,0.16999999999999998
2024-09-26 13:30:00,0.34,0.19000000000000003
2024-09-26 13:45:00,0.09,0.25
2024-09-26 14:30:00,0.53,0.5
2024-09-26 15:00:00,0.75,0.14
2024-09-26 15:15:00,0.62,0.13
2024-09-26 15:45:00,0.45,0.11000000000000004
2024-09-26 16:00:00,0.06,0.39
2024-09-26 21:15:00,0.29,0.26
2024-09-26 21:30:00,0.69,0.39999999999999997
2024-09-26 22:30:00,0.1,0.44000000000000006
2024-09-27 09:45:00,0.27,0.21000000000000002
2024-09-27 10:00:00,0.14,0.13
2024-09-27 11:15:00,0.37,0.15
2024-09-27 11:30:00,0.02,0.35
2024-09-27 13:30:00,0.4,0.33
2024-09-27 13:45:00,0.85,0.44999999999999996
2024-09-27 14:00:00,0.74,0.10999999999999999
2024-09-27 14:30:00,0.94,0.18999999999999995
2024-09-27 14:45:00,0.78,0.15999999999999992
2024-09-27 15:00:00,0.28,0.5
2024-09-27 15:30:00,0.64,0.34
2024-09-27 16:15:00,0.15,0.47
2024-09-27 16:30:00,0.04,0.10999999999999999
2024-09-27 21:30:00,0.4,0.27
2024-09-27 21:45:00,0.16,0.24000000000000002
2024-09-27 22:45:00,0.38,0.25
2024-09-27 23:15:00,0.16,0.12999999999999998
2024-09-28 00:45:00,0.29,0.16999999999999998
2024-09-28 01:15:00,0.05,0.29000000000000004
2024-09-28 02:30:00,0.19,0.15
2024-09-28 02:45:00,0.52,0.33
2024-09-28 03:30:00,0.16,0.37
2024-09-28 03:45:00,0.02,0.14
2024-09-28 08:45:00,0.18,0.13
2024-09-28 09:15:00,0.3,0.15999999999999998
2024-09-28 09:30:00,1.15,0.8499999999999999
2024-09-28 09:45:00,0.98,0.16999999999999993
2024-09-28 10:00:00,0.75,0.22999999999999998
2024-09-28 10:30:00,0.41,0.27999999999999997
2024-09-28 10:45:00,0.11,0.3
2024-09-28 19:30:00,0.23,0.21000000000000002
2024-09-28 19:45:00,0.44,0.21
2024-09-28 20:00:00,0.21,0.23
2024-09-28 20:45:00,0.19,0.13
2024-09-28 21:00:00,0.06,0.13
2024-09-28 22:15:00,0.72,0.59
2024-09-28 22:45:00,0.91,0.17000000000000004
2024-09-28 23:00:00,0.66,0.25
2024-09-28 23:15:00,0.38,0.28
2024-09-28 23:30:00,0.11,0.27
2024-09-29 00:00:00,0.04,0.15
2024-09-29 01:45:00,0.32,0.28
2024-09-29 02:00:00,0.47,0.14999999999999997
2024-09-29 02:15:00,0.35,0.12
2024-09-29 02:30:00,0.02,0.32999999999999996
2024-09-29 09:00:00,0.34,0.29000000000000004
2024-09-29 09:30:00,0.12,0.2
2024-09-29 14:00:00,0.4,0.34
2024-09-29 14:15:00,0.12,0.28
2024-09-29 15:15:00,0.54,0.49000000000000005
2024-09-29 15:45:00,0.2,0.37999999999999995
2024-09-29 16:00:00,0.06,0.14
2024-09-29 23:45:00,0.46,0.32
2024-09-30 00:00:00,0.05,0.41000000000000003
2024-09-30 08:00:00,0.15,0.12
2024-09-30 08:15:00,0.5,0.35
2024-09-30 08:30:00,0.38,0.12
2024-09-30 08:45:00,0.22,0.16
2024-09-30 09:15:00,0.14,0.16999999999999998
2024-09-30 12:45:00,0.27,0.11000000000000001
2024-09-30 13:30:00,0.58,0.36
2024-09-30 13:45:00,0.88,0.30000000000000004
2024-09-30 14:00:00,0.72,0.16000000000000003
2024-09-30 14:30:00,0.53,0.28
2024-09-30 14:45:00,0.11,0.42000000000000004
2024-09-30 21:30:00,0.45,0.32
2024-09-30 21:45:00,0.12,0.33
2024-09-30 22:15:00,0.34,0.25
2024-09-30 22:45:00,0.06,0.22000000000000003
2024-10-01 00:15:00,0.19,0.14
2024-10-01 00:45:00,0.47,0.32999999999999996
2024-10-01 01:00:00,0.71,0.24
2024-10-01 01:15:00,0.55,0.15999999999999992
2024-10-01 01:45:00,0.8,0.25
2024-10-01 02:00:00,0.31,0.49000000000000005
2024-10-01 02:15:00,0.04,0.27
2024-10-01 09:15:00,0.53,0.33
2024-10-01 09:30:00,0.71,0.17999999999999994
2024-10-01 09:45:00,0.12,0.59
2024-10-01 10:00:00,0.24,0.12
2024-10-01 10:15:00,0.13,0.10999999999999999
2024-10-01 13:30:00,0.47,0.36
2024-10-01 13:45:00,0.32,0.14999999999999997
2024-10-01 14:00:00,0.21,0.11000000000000001
2024-10-01 14:15:00,0.71,0.5
2024-10-01 14:30:00,0.25,0.45999999999999996
2024-10-01 14:45:00,0.04,0.21
2024-10-01 15:00:00,0.35,0.31
2024-10-01 15:15:00,0.68,0.33000000000000007
2024-10-01 16:00:00,0.06,0.56
2024-10-01 18:00:00,0.21,0.16999999999999998
2024-10-01 18:15:00,0.04,0.16999999999999998
2024-10-01 20:15:00,0.48,0.39999999999999997
2024-10-01 20:30:00,0.09,0.39
2024-10-01 21:30:00,0.54,0.46
2024-10-01 21:45:00,0.13,0.41000000000000003
2024-10-01 22:30:00,0.6,0.5
2024-10-02 00:15:00,0.69,0.12
2024-10-02 01:30:00,0.2,0.35000000000000003
2024-10-02 01:45:00,0.03,0.17
2024-10-02 07:30:00,0.23,0.15000000000000002
2024-10-02 09:45:00,0.7,0.6299999999999999
2024-10-02 11:15:00,0.01,0.49
2024-10-02 13:45:00,0.36,0.33999999999999997
2024-10-02 14:00:00,0.65,0.29000000000000004
2024-10-02 14:30:00,0.94,0.2699999999999999
2024-10-02 15:00:00,1.31,0.44000000000000006
2024-10-02 15:15:00,0.8,0.51
2024-10-02 15:45:00,0.66,0.15999999999999992
2024-10-02 17:30:00,0.13,0.52
2024-10-02 21:00:00,0.87,0.77
2024-10-02 22:00:00,0.62,0.10999999999999999
2024-10-03 00:00:00,0.03,0.44999999999999996
2024-10-03 06:15:00,0.23,0.2
2024-10-03 06:45:00,0.04,0.23
2024-10-03 08:30:00,0.28,0.24000000000000002
2024-10-03 08:45:00,0.68,0.4
2024-10-03 09:30:00,0.73,0.16000000000000003
2024-10-03 09:45:00,0.09,0.64
2024-10-03 10:30:00,0.26,0.22
2024-10-03 10:45:00,0.55,0.29000000000000004
2024-10-03 12:00:00,0.32,0.24000000000000005
2024-10-03 12:15:00,0.18,0.14
2024-10-03 12:30:00,0.05,0.13
2024-10-03 13:00:00,0.24,0.18
2024-10-03 13:30:00,0.04,0.12
2024-10-03 14:00:00,0.64,0.59
2024-10-03 14:30:00,0.28,0.38
2024-10-03 14:45:00,0.41,0.12999999999999995
2024-10-03 15:00:00,0.66,0.25000000000000006
2024-10-03 16:45:00,0.08,0.54
2024-10-03 19:15:00,0.32,0.2
2024-10-03 20:00:00,0.09,0.13
2024-10-03 21:15:00,0.27,0.21000000000000002
2024-10-03 21:30:00,0.09,0.18000000000000002
2024-10-03 22:00:00,0.59,0.41
2024-10-04 00:15:00,0.26,0.29000000000000004
2024-10-04 00:30:00,0.45,0.19
2024-10-04 01:30:00,0.19,0.32
2024-10-04 02:15:00,0.02,0.12000000000000001
2024-10-04 05:00:00,0.28,0.25
2024-10-04 05:15:00,0.51,0.22999999999999998
2024-10-04 05:30:00,0.09,0.42000000000000004
2024-10-04 05:45:00,0.2,0.11000000000000001
2024-10-04 06:15:00,0.01,0.26
2024-10-04 06:45:00,0.27,0.25
2024-10-04 07:00:00,0.1,0.17
2024-10-04 08:15:00,0.22,0.18
2024-10-04 08:30:00,0.09,0.13
2024-10-04 09:15:00,0.24,0.19999999999999998
2024-10-04 09:30:00,0.12,0.12
2024-10-04 09:45:00,0.44,0.32
2024-10-04 10:00:00,0.21,0.23
2024-10-04 10:45:00,0.03,0.32999999999999996
2024-10-04 11:15:00,0.51,0.48
2024-10-04 11:45:00,0.7,0.21999999999999997
2024-10-04 12:00:00,0.41,0.29
2024-10-04 12:15:00,0.3,0.10999999999999999
2024-10-04 12:30:00,0.45,0.15000000000000002
2024-10-04 13:15:00,0.52,0.26
2024-10-04 13:45:00,0.92,0.41000000000000003
2024-10-04 14:00:00,0.79,0.13
2024-10-04 14:30:00,1.06,0.28
2024-10-04 14:45:00,1.24,0.17999999999999994
2024-10-04 15:00:00,0.84,0.4
2024-10-04 15:15:00,0.63,0.20999999999999996
2024-10-04 17:00:00,0.15,0.45999999999999996
2024-10-04 17:15:00,0.3,0.15
2024-10-04 17:45:00,0.06,0.14
2024-10-04 21:30:00,0.77,0.6900000000000001
2024-10-04 22:00:00,0.59,0.20000000000000007
2024-10-05 01:00:00,0.33,0.21000000000000002
2024-10-05 01:30:00,0.21,0.21
2024-10-05 02:00:00,0.38,0.16
2024-10-05 02:15:00,0.09,0.29000000000000004
2024-10-05 02:30:00,0.31,0.22
2024-10-05 02:45:00,0.02,0.29
2024-10-05 08:00:00,0.44,0.3
2024-10-05 08:15:00,0.63,0.19
2024-10-05 09:00:00,0.03,0.6
2024-10-05 21:45:00,0.4,0.36000000000000004
2024-10-05 22:00:00,0.61,0.20999999999999996
2024-10-05 22:30:00,0.41,0.2
2024-10-05 22:45:00,0.01,0.39999999999999997
2024-10-06 00:15:00,0.39,0.35000000000000003
2024-10-06 00:30:00,0.58,0.18999999999999995
2024-10-06 01:00:00,0.38,0.18000000000000005
2024-10-06 01:15:00,0.02,0.36
2024-10-06 01:30:00,0.31,0.29
2024-10-06 01:45:00,0.55,0.24000000000000005
2024-10-06 03:00:00,0.12,0.4
2024-10-06 09:00:00,0.27,0.22000000000000003
2024-10-06 09:15:00,0.04,0.23
2024-10-06 09:30:00,0.34,0.30000000000000004
2024-10-06 09:45:00,0.19,0.15000000000000002
2024-10-06 10:45:00,0.18,0.10999999999999999
2024-10-06 11:15:00,0.09,0.11000000000000001
2024-10-06 14:00:00,0.38,0.34
2024-10-06 14:15:00,0.08,0.3
2024-10-06 14:45:00,0.5,0.47
2024-10-06 15:00:00,0.66,0.16000000000000003
2024-10-06 19:30:00,0.06,0.5700000000000001
2024-10-06 21:00:00,0.58,0.5599999999999999
2024-10-07 05:00:00,0.27,0.20999999999999996
2024-10-07 05:15:00,0.4,0.13
2024-10-07 05:45:00,0.22,0.12999999999999998
2024-10-07 06:30:00,0.08,0.11
2024-10-07 08:00:00,0.52,0.41000000000000003
2024-10-07 08:45:00,0.26,0.39
2024-10-07 10:30:00,0.49,0.43
2024-10-07 10:45:00,0.95,0.45999999999999996
2024-10-07 11:00:00,0.65,0.29999999999999993
2024-10-07 11:15:00,0.36,0.29000000000000004
2024-10-07 11:30:00,0.59,0.22999999999999998
2024-10-07 12:00:00,0.3,0.26999999999999996
2024-10-07 12:15:00,0.47,0.16999999999999998
2024-10-07 12:45:00,0.32,0.16999999999999998
2024-10-07 13:00:00,0.57,0.24999999999999994
2024-10-07 14:15:00,0.91,0.31000000000000005
2024-10-07 14:30:00,1.49,0.58
2024-10-07 14:45:00,1.82,0.33000000000000007
2024-10-07 15:00:00,1.59,0.22999999999999998
2024-10-07 15:15:00,1.42,0.17000000000000015
2024-10-07 15:30:00,1.22,0.19999999999999996
2024-10-07 15:45:00,1.1,0.11999999999999988
2024-10-07 16:00:00,0.74,0.3600000000000001
2024-10-07 16:15:00,0.2,0.54
2024-10-07 21:00:00,0.08,0.15000000000000002
2024-10-07 21:15:00,0.29,0.20999999999999996
2024-10-07 21:30:00,0.6,0.31
2024-10-07 22:15:00,1.21,0.57
2024-10-07 22:45:00,1.44,0.19999999999999996
2024-10-07 23:00:00,1.25,0.18999999999999995
2024-10-07 23:45:00,0.81,0.4099999999999999
2024-10-08 00:00:00,0.6,0.21000000000000008
2024-10-08 00:15:00,0.34,0.25999999999999995
2024-10-08 00:30:00,0.24,0.10000000000000003
2024-10-08 01:00:00,0.18,0.10999999999999999
2024-10-08 01:15:00,0.55,0.37000000000000005
2024-10-08 03:15:00,0.04,0.39
2024-10-08 04:00:00,0.18,0.13999999999999999
2024-10-08 04:15:00,0.52,0.34
2024-10-08 05:00:00,0.25,0.27
2024-10-08 05:30:00,0.04,0.30000000000000004
2024-10-08 08:30:00,0.41,0.32999999999999996
2024-10-08 08:45:00,0.82,0.41
2024-10-08 09:30:00,0.15,0.6699999999999999
2024-10-08 09:45:00,0.04,0.10999999999999999
2024-10-08 11:00:00,0.03,0.11000000000000001
2024-10-08 13:45:00,1.15,1.0699999999999998
2024-10-08 14:15:00,0.99,0.16999999999999993
2024-10-08 14:45:00,1.27,0.19999999999999996
2024-10-08 15:00:00,0.9,0.37
2024-10-08 15:15:00,0.68,0.21999999999999997
2024-10-08 17:00:00,0.12,0.44000000000000006
2024-10-08 21:15:00,0.18,0.16
2024-10-08 22:45:00,0.57,0.48999999999999994
2024-10-08 23:00:00,0.42,0.14999999999999997
2024-10-08 23:15:00,0.06,0.36
2024-10-09 08:30:00,0.19,0.12
2024-10-09 08:45:00,0.03,0.16
2024-10-09 09:30:00,0.31,0.19
2024-10-09 10:00:00,0.07,0.31
2024-10-09 13:15:00,0.85,0.71
2024-10-09 13:30:00,0.43,0.42
2024-10-09 13:45:00,0.76,0.33
2024-10-09 14:00:00,0.56,0.19999999999999996
2024-10-09 16:00:00,0.34,0.19
2024-10-09 16:15:00,0.05,0.29000000000000004
2024-10-09 21:30:00,0.44,0.35
2024-10-09 22:00:00,0.24,0.16999999999999998
2024-10-09 22:15:00,0.13,0.10999999999999999
2024-10-10 08:00:00,0.18,0.13
2024-10-10 08:15:00,0.42,0.24
2024-10-10 08:30:00,0.22,0.19999999999999998
2024-10-10 11:00:00,0.52,0.4
2024-10-10 11:15:00,0.08,0.44
2024-10-10 15:00:00,0.59,0.5
2024-10-10 16:00:00,0.21,0.3500000000000001
2024-10-10 16:15:00,0.05,0.15999999999999998
2024-10-10 20:45:00,0.63,0.58
2024-10-10 21:00:00,0.99,0.36
2024-10-10 21:30:00,0.8,0.17999999999999994
2024-10-10 22:00:00,0.59,0.16000000000000003
2024-10-10 22:15:00,0.32,0.26999999999999996
2024-10-10 22:45:00,0.09,0.22
2024-10-10 23:00:00,0.55,0.4600000000000001
2024-10-10 23:45:00,0.25,0.24
2024-10-11 00:00:00,0.11,0.14
2024-10-11 00:30:00,0.51,0.36
2024-10-11 00:45:00,0.3,0.21000000000000002
2024-10-11 01:30:00,0.36,0.15
2024-10-11 01:45:00,0.07,0.29
2024-10-11 02:15:00,0.31,0.26
2024-10-11 02:30:00,0.02,0.29
2024-10-11 03:15:00,0.23,0.18
2024-10-11 03:30:00,0.01,0.22
2024-10-11 08:45:00,0.35,0.24
2024-10-11 09:00:00,0.45,0.10000000000000003
2024-10-11 09:15:00,0.04,0.41000000000000003
2024-10-11 10:15:00,0.74,0.6699999999999999
2024-10-11 10:30:00,0.07,0.6699999999999999
2024-10-11 11:15:00,0.17,0.13
2024-10-11 11:30:00,0.59,0.41999999999999993
2024-10-11 11:45:00,0.24,0.35
2024-10-11 12:00:00,0.02,0.22
2024-10-11 14:45:00,0.33,0.28
2024-10-11 15:00:00,0.21,0.12000000000000002
2024-10-11 15:15:00,0.55,0.3400000000000001
2024-10-11 15:30:00,0.28,0.27
2024-10-11 16:00:00,0.05,0.23000000000000004
2024-10-11 22:15:00,0.26,0.19
2024-10-11 22:30:00,0.06,0.2
2024-10-12 10:00:00,0.27,0.23
2024-10-12 10:30:00,0.09,0.16
2024-10-12 10:45:00,0.38,0.29000000000000004
2024-10-12 11:00:00,0.04,0.34
2024-10-12 14:30:00,0.25,0.21
2024-10-12 14:45:00,0.12,0.13
2024-10-12 16:00:00,0.47,0.43999999999999995
2024-10-12 16:15:00,0.04,0.43
2024-10-12 18:15:00,0.27,0.24000000000000002
2024-10-12 18:30:00,0.09,0.18000000000000002
2024-10-13 16:45:00,0.25,0.19
2024-10-13 17:00:00,0.13,0.12
2024-10-13 19:45:00,0.18,0.10999999999999999
2024-10-13 20:00:00,0.4,0.22000000000000003
2024-10-13 20:30:00,0.17,0.17999999999999997
2024-10-13 20:45:00,0.04,0.13
2024-10-13 22:45:00,0.23,0.18
2024-10-13 23:00:00,0.11,0.12000000000000001
2024-10-14 08:30:00,0.61,0.58
2024-10-14 09:00:00,0.11,0.6
2024-10-14 09:15:00,0.28,0.17000000000000004
2024-10-14 09:30:00,0.14,0.14
2024-10-14 11:15:00,0.86,0.72
2024-10-14 11:30:00,0.73,0.13
2024-10-14 12:15:00,0.79,0.13
2024-10-14 12:30:00,0.47,0.32000000000000006
2024-10-14 12:45:00,0.12,0.35
2024-10-14 13:15:00,0.55,0.52
2024-10-14 13:30:00,0.15,0.4
2024-10-14 15:45:00,0.36,0.31
2024-10-14 16:15:00,0.06,0.34
2024-10-14 21:00:00,0.47,0.38999999999999996
2024-10-14 21:15:00,0.82,0.35
2024-10-14 21:30:00,0.33,0.48999999999999994
2024-10-14 21:45:00,0.03,0.30000000000000004
2024-10-15 07:15:00,0.15,0.12
2024-10-15 07:30:00,0.37,0.22
2024-10-15 07:45:00,0.04,0.33
2024-10-15 09:15:00,0.39,0.28
2024-10-15 09:30:00,0.21,0.18000000000000002
2024-10-15 12:15:00,0.6,0.49
2024-10-15 12:45:00,0.32,0.24000000000000005
2024-10-15 13:00:00,0.48,0.15999999999999998
2024-10-15 13:15:00,0.3,0.18
2024-10-15 13:30:00,0.72,0.42
2024-10-15 13:45:00,0.1,0.62
2024-10-15 21:45:00,0.32,0.25
2024-10-15 22:00:00,0.57,0.24999999999999994
2024-10-15 22:15:00,0.08,0.48999999999999994
2024-10-16 06:45:00,0.18,0.15
2024-10-16 07:15:00,0.03,0.24000000000000002
2024-10-16 09:15:00,0.46,0.37
2024-10-16 09:45:00,0.05,0.43
2024-10-16 10:45:00,0.56,0.4700000000000001
2024-10-16 11:00:00,0.83,0.2699999999999999
2024-10-16 11:15:00,0.64,0.18999999999999995
2024-10-16 12:00:00,1.62,1.04
2024-10-16 12:15:00,2.01,0.3899999999999997
2024-10-16 12:30:00,1.38,0.6299999999999999
2024-10-16 12:45:00,1.54,0.16000000000000014
2024-10-16 13:00:00,1.17,0.3700000000000001
2024-10-16 13:15:00,1.0,0.16999999999999993
2024-10-16 13:30:00,0.73,0.27
2024-10-16 13:45:00,0.08,0.65
2024-10-16 14:45:00,0.55,0.38
2024-10-16 15:45:00,0.72,0.18999999999999995
2024-10-16 16:00:00,0.87,0.15000000000000002
2024-10-16 16:15:00,0.34,0.53
2024-10-16 16:30:00,0.05,0.29000000000000004
2024-10-16 17:00:00,0.29,0.22999999999999998
2024-10-16 17:15:00,0.05,0.24
2024-10-17 09:45:00,0.26,0.2
2024-10-17 10:00:00,0.45,0.19
2024-10-17 10:15:00,0.33,0.12
2024-10-17 10:30:00,0.22,0.11000000000000001
2024-10-17 10:45:00,0.57,0.35
2024-10-17 11:00:00,0.32,0.24999999999999994
2024-10-17 11:15:00,0.57,0.24999999999999994
2024-10-17 11:30:00,1.15,0.58
2024-10-17 11:45:00,1.39,0.24
2024-10-17 12:00:00,1.22,0.16999999999999993
2024-10-17 12:15:00,0.85,0.37
2024-10-17 12:30:00,0.7,0.15000000000000002
2024-10-17 12:45:00,0.51,0.18999999999999995
2024-10-17 13:00:00,0.18,0.33
2024-10-17 13:15:00,0.29,0.10999999999999999
2024-10-17 13:30:00,0.57,0.27999999999999997
2024-10-17 13:45:00,0.19,0.37999999999999995
2024-10-17 22:00:00,0.31,0.29
2024-10-17 22:15:00,0.47,0.15999999999999998
2024-10-17 23:30:00,0.22,0.35
2024-10-17 23:45:00,0.1,0.12
2024-10-18 08:00:00,0.21,0.15999999999999998
2024-10-18 08:15:00,0.39,0.18000000000000002
2024-10-18 08:30:00,0.14,0.25
2024-10-18 09:15:00,0.58,0.5499999999999999
2024-10-18 09:30:00,1.01,0.43000000000000005
2024-10-18 09:45:00,1.14,0.1299999999999999
2024-10-18 10:00:00,0.98,0.15999999999999992
2024-10-18 10:30:00,0.49,0.4
2024-10-18 10:45:00,0.07,0.42
2024-10-18 13:45:00,0.22,0.16
2024-10-18 14:15:00,0.75,0.54
2024-10-18 15:30:00,0.45,0.11999999999999994
2024-10-18 15:45:00,0.22,0.23
2024-10-18 16:00:00,0.03,0.19
2024-10-18 21:00:00,0.32,0.26
2024-10-18 21:15:00,0.59,0.26999999999999996
2024-10-18 21:45:00,0.4,0.2899999999999999
2024-10-18 22:00:00,0.17,0.23
2024-10-18 22:30:00,0.32,0.11000000000000001
2024-10-18 23:00:00,0.2,0.14999999999999997
2024-10-18 23:15:00,0.07,0.13
2024-10-19 08:15:00,0.4,0.26
2024-10-19 08:30:00,0.09,0.31000000000000005
2024-10-19 10:00:00,0.35,0.29
2024-10-19 10:30:00,0.05,0.35000000000000003
2024-10-19 18:00:00,0.12,0.11
2024-10-19 18:15:00,0.35,0.22999999999999998
2024-10-19 18:30:00,0.2,0.14999999999999997
2024-10-19 19:00:00,0.03,0.16
2024-10-19 21:15:00,0.18,0.10999999999999999
2024-10-19 21:30:00,0.5,0.32
2024-10-19 21:45:00,0.23,0.27
2024-10-19 22:30:00,0.5,0.31
2024-10-19 22:45:00,0.3,0.2
2024-10-19 23:00:00,0.05,0.25
2024-10-20 02:15:00,0.25,0.16
2024-10-20 02:30:00,0.05,0.2
2024-10-20 06:15:00,0.23,0.17
2024-10-20 06:30:00,0.48,0.24999999999999997
2024-10-20 07:15:00,0.13,0.31
2024-10-20 07:30:00,0.3,0.16999999999999998
2024-10-20 07:45:00,0.02,0.27999999999999997
2024-10-20 08:45:00,0.27,0.22000000000000003
2024-10-20 09:00:00,0.12,0.15000000000000002
2024-10-20 09:45:00,0.8,0.5
2024-10-20 10:00:00,0.35,0.45000000000000007
2024-10-20 10:15:00,0.24,0.10999999999999999
2024-10-20 10:30:00,0.06,0.18
2024-10-20 15:15:00,0.25,0.13
2024-10-20 15:30:00,0.04,0.21
2024-10-20 21:30:00,0.3,0.24
2024-10-20 21:45:00,0.46,0.16000000000000003
2024-10-20 22:00:00,0.24,0.22000000000000003
2024-10-20 22:15:00,0.34,0.10000000000000003
2024-10-20 23:00:00,0.12,0.21000000000000002
2024-10-21 00:00:00,0.43,0.35
2024-10-21 00:15:00,0.09,0.33999999999999997
2024-10-21 01:00:00,0.69,0.6
2024-10-21 01:15:00,0.52,0.16999999999999993
2024-10-21 01:45:00,0.07,0.36
2024-10-21 09:00:00,0.31,0.26
2024-10-21 09:15:00,0.61,0.3
2024-10-21 09:30:00,0.35,0.26
2024-10-21 09:45:00,0.05,0.3
2024-10-21 13:30:00,0.77,0.68
2024-10-21 13:45:00,0.63,0.14
2024-10-21 14:00:00,0.38,0.25
2024-10-21 14:15:00,0.18,0.2
2024-10-21 14:30:00,0.31,0.13
2024-10-21 14:45:00,1.08,0.77
2024-10-21 15:00:00,0.55,0.53
2024-10-21 18:00:00,0.33,0.16999999999999998
2024-10-21 18:15:00,0.03,0.30000000000000004
2024-10-21 21:30:00,0.33,0.27
2024-10-21 21:45:00,0.6,0.26999999999999996
2024-10-21 22:00:00,0.32,0.27999999999999997
2024-10-21 22:15:00,0.07,0.25
2024-10-22 08:45:00,0.27,0.21000000000000002
2024-10-22 09:00:00,0.45,0.18
2024-10-22 09:15:00,0.14,0.31
2024-10-22 09:45:00,0.37,0.31
2024-10-22 10:00:00,0.71,0.33999999999999997
2024-10-22 10:30:00,0.36,0.26
2024-10-22 10:45:00,0.17,0.18999999999999997
2024-10-22 11:15:00,0.55,0.45000000000000007
2024-10-22 11:45:00,1.63,0.9899999999999999
2024-10-22 12:00:00,0.86,0.7699999999999999
2024-10-22 13:15:00,0.19,0.42
2024-10-22 14:15:00,0.78,0.73
2024-10-22 14:30:00,1.19,0.4099999999999999
2024-10-22 14:45:00,0.76,0.42999999999999994
2024-10-22 15:00:00,0.56,0.19999999999999996
2024-10-22 16:15:00,0.25,0.26
2024-10-22 16:30:00,0.02,0.23
2024-10-22 19:00:00,0.45,0.41000000000000003
2024-10-22 19:15:00,0.08,0.37
2024-10-22 22:15:00,0.29,0.20999999999999996
2024-10-22 23:00:00,0.07,0.2
2024-10-23 08:45:00,0.19,0.12
2024-10-23 09:00:00,0.38,0.19
2024-10-23 09:15:00,0.1,0.28
2024-10-23 10:30:00,0.29,0.24
2024-10-23 10:45:00,0.06,0.22999999999999998
2024-10-23 11:30:00,0.37,0.3
2024-10-23 12:00:00,0.22,0.11000000000000001
2024-10-23 12:15:00,0.07,0.15
2024-10-23 14:00:00,0.4,0.34
2024-10-23 14:30:00,0.12,0.29
2024-10-23 14:45:00,0.37,0.25
2024-10-23 15:00:00,0.07,0.3
2024-10-23 15:15:00,0.45,0.38
2024-10-23 15:30:00,0.27,0.18
2024-10-23 15:45:00,0.04,0.23
2024-10-24 00:15:00,0.75,0.71
2024-10-24 00:30:00,0.42,0.33
2024-10-24 00:45:00,0.24,0.18
2024-10-24 01:00:00,0.06,0.18
2024-10-24 02:30:00,0.2,0.16
2024-10-24 02:45:00,0.05,0.15000000000000002
2024-10-24 08:45:00,0.23,0.12000000000000001
2024-10-24 09:00:00,0.6,0.37
2024-10-24 09:15:00,0.14,0.45999999999999996
2024-10-24 12:30:00,0.51,0.47000000000000003
2024-10-24 12:45:00,0.36,0.15000000000000002
2024-10-24 13:00:00,0.04,0.32
2024-10-24 14:15:00,0.66,0.5900000000000001
2024-10-24 14:30:00,0.2,0.46
2024-10-24 14:45:00,0.01,0.19
2024-10-24 15:45:00,0.21,0.18
2024-10-24 16:00:00,0.06,0.15
2024-10-24 21:45:00,0.52,0.46
2024-10-24 22:00:00,0.77,0.25
2024-10-24 22:15:00,0.65,0.12
2024-10-24 22:30:00,0.3,0.35000000000000003
2024-10-24 22:45:00,0.14,0.15999999999999998
2024-10-25 08:45:00,0.64,0.52
2024-10-25 09:00:00,0.13,0.51
2024-10-25 11:00:00,1.2,1.03
2024-10-25 11:15:00,0.9,0.29999999999999993
2024-10-25 11:30:00,0.79,0.10999999999999999
2024-10-25 11:45:00,0.51,0.28
2024-10-25 12:00:00,0.06,0.45
2024-10-25 12:30:00,0.37,0.3
2024-10-25 13:30:00,0.55,0.28
2024-10-25 14:00:00,0.32,0.18
2024-10-25 14:15:00,0.67,0.35000000000000003
2024-10-25 14:30:00,0.51,0.16000000000000003
2024-10-25 14:45:00,0.26,0.25
2024-10-25 19:00:00,0.03,0.15
2024-10-25 22:00:00,0.33,0.19
2024-10-25 22:15:00,0.02,0.31
2024-10-26 00:30:00,0.58,0.5499999999999999
2024-10-26 00:45:00,0.3,0.27999999999999997
2024-10-26 01:00:00,0.05,0.25
2024-10-26 01:30:00,0.03,0.12
2024-10-26 10:30:00,0.25,0.16
2024-10-26 11:00:00,0.47,0.22999999999999998
2024-10-26 11:15:00,0.94,0.47
2024-10-26 11:30:00,0.3,0.6399999999999999
2024-10-26 11:45:00,0.14,0.15999999999999998
2024-10-26 13:00:00,0.9,0.74
2024-10-26 13:30:00,0.7,0.13
2024-10-26 13:45:00,1.1,0.40000000000000013
2024-10-26 14:15:00,0.47,0.6400000000000001
2024-10-26 14:30:00,0.78,0.31000000000000005
2024-10-26 14:45:00,0.39,0.39
2024-10-26 15:00:00,0.14,0.25
2024-10-26 19:00:00,0.26,0.19
2024-10-26 19:15:00,0.59,0.32999999999999996
2024-10-26 19:30:00,0.08,0.51
2024-10-26 22:45:00,0.41,0.33999999999999997
2024-10-26 23:00:00,0.18,0.22999999999999998
2024-10-26 23:15:00,0.03,0.15
2024-10-27 08:45:00,0.27,0.24000000000000002
2024-10-27 09:00:00,0.07,0.2
2024-10-27 09:15:00,0.37,0.3
2024-10-27 09:30:00,0.04,0.33
2024-10-27 13:00:00,0.29,0.13999999999999999
2024-10-27 13:15:00,0.09,0.19999999999999998
2024-10-27 14:45:00,0.51,0.41000000000000003
2024-10-27 15:00:00,0.03,0.48
2024-10-27 20:00:00,0.39,0.31
2024-10-27 20:30:00,0.27,0.15999999999999998
2024-10-27 20:45:00,0.48,0.20999999999999996
2024-10-27 21:00:00,0.17,0.30999999999999994
2024-10-27 23:45:00,0.29,0.22999999999999998
2024-10-28 00:00:00,0.06,0.22999999999999998
2024-10-28 00:15:00,0.55,0.49000000000000005
2024-10-28 00:30:00,0.99,0.43999999999999995
2024-10-28 00:45:00,0.85,0.14
2024-10-28 01:15:00,0.61,0.14
2024-10-28 01:30:00,0.21,0.4
2024-10-28 01:45:00,0.49,0.28
2024-10-28 02:00:00,0.11,0.38
2024-10-28 09:30:00,0.34,0.33
2024-10-28 09:45:00,0.61,0.26999999999999996
2024-10-28 10:00:00,0.22,0.39
2024-10-28 10:15:00,0.41,0.18999999999999997
2024-10-28 10:30:00,0.84,0.43
2024-10-28 10:45:00,0.46,0.37999999999999995
2024-10-28 11:00:00,0.15,0.31000000000000005
2024-10-28 11:15:00,1.01,0.86
2024-10-28 12:00:00,0.79,0.13
2024-10-28 12:15:00,0.6,0.19000000000000006
2024-10-28 12:30:00,0.47,0.13
2024-10-28 12:45:00,0.14,0.32999999999999996
2024-10-28 14:15:00,0.19,0.15
2024-10-28 14:30:00,0.69,0.49999999999999994
2024-10-28 14:45:00,0.17,0.5199999999999999
2024-10-28 15:00:00,0.06,0.11000000000000001
2024-10-28 15:15:00,0.23,0.17
2024-10-28 15:30:00,0.62,0.39
2024-10-28 15:45:00,1.08,0.4600000000000001
2024-10-28 16:00:00,0.58,0.5000000000000001
2024-10-28 16:15:00,0.11,0.47
2024-10-28 19:30:00,0.26,0.18
2024-10-28 19:45:00,0.43,0.16999999999999998
2024-10-28 20:00:00,0.07,0.36
2024-10-28 22:15:00,0.35,0.31
2024-10-28 22:30:00,0.07,0.27999999999999997
2024-10-29 04:45:00,0.15,0.10999999999999999
2024-10-29 05:15:00,0.03,0.19
2024-10-29 06:45:00,0.36,0.35
2024-10-29 07:00:00,0.04,0.32
2024-10-29 12:15:00,0.03,0.11000000000000001
2024-10-29 13:00:00,0.47,0.43999999999999995
2024-10-29 13:30:00,0.11,0.3
2024-10-29 15:00:00,0.19,0.14
2024-10-29 15:15:00,0.39,0.2
2024-10-29 15:30:00,0.06,0.33
2024-10-29 17:15:00,0.44,0.41000000000000003
2024-10-29 17:30:00,0.29,0.15000000000000002
2024-10-29 17:45:00,0.06,0.22999999999999998
2024-10-29 20:45:00,0.88,0.77
2024-10-29 21:00:00,0.75,0.13
2024-10-29 21:30:00,0.58,0.13
2024-10-29 21:45:00,0.13,0.44999999999999996
2024-10-29 22:30:00,0.26,0.22
2024-10-29 23:00:00,0.08,0.2
2024-10-30 07:15:00,0.36,0.24
2024-10-30 07:30:00,0.66,0.30000000000000004
2024-10-30 07:45:00,0.13,0.53
2024-10-30 08:00:00,0.51,0.38
2024-10-30 08:15:00,0.12,0.39
2024-10-30 09:30:00,0.26,0.2
2024-10-30 09:45:00,0.51,0.25
2024-10-30 10:00:00,0.08,0.43
2024-10-30 14:30:00,0.31,0.29
2024-10-30 14:45:00,0.62,0.31
2024-10-30 15:00:00,0.19,0.43
2024-10-30 20:45:00,0.37,0.32
2024-10-30 21:00:00,0.57,0.19999999999999996
2024-10-30 21:15:00,0.31,0.25999999999999995
2024-10-30 22:00:00,0.26,0.10999999999999999
2024-10-30 22:15:00,0.04,0.22
2024-10-31 08:00:00,0.15,0.12
2024-10-31 08:15:00,0.26,0.11000000000000001
2024-10-31 08:30:00,0.03,0.23
2024-10-31 10:15:00,0.43,0.38
2024-10-31 10:30:00,0.17,0.26
2024-10-31 10:45:00,0.03,0.14
2024-10-31 12:30:00,0.5,0.36
2024-10-31 12:45:00,0.11,0.39
2024-10-31 19:30:00,0.5,0.45
2024-10-31 20:00:00,0.15,0.31000000000000005
2024-10-31 23:00:00,0.42,0.32999999999999996
2024-10-31 23:45:00,0.15,0.23
2024-11-01 11:00:00,0.52,0.39
2024-11-01 11:15:00,0.65,0.13
2024-11-01 11:30:00,0.41,0.24000000000000005
2024-11-01 11:45:00,0.08,0.32999999999999996
2024-11-01 13:00:00,0.34,0.25
2024-11-01 13:15:00,0.07,0.27
2024-11-01 14:15:00,0.17,0.15000000000000002
2024-11-01 14:45:00,0.05,0.14
2024-11-01 18:15:00,0.5,0.41000000000000003
2024-11-01 18:30:00,0.12,0.38
2024-11-01 21:00:00,0.18,0.13
2024-11-01 21:15:00,0.5,0.32
2024-11-01 22:00:00,0.05,0.5199999999999999
2024-11-02 09:15:00,0.3,0.27999999999999997
2024-11-02 09:30:00,0.09,0.21
2024-11-02 11:15:00,0.54,0.4
2024-11-02 11:45:00,0.07,0.47000000000000003
2024-11-02 13:45:00,0.32,0.25
2024-11-02 14:15:00,0.05,0.19
2024-11-02 20:15:00,0.21,0.18
2024-11-02 20:30:00,0.06,0.15
2024-11-02 21:00:00,0.36,0.31
2024-11-02 21:15:00,0.07,0.29
2024-11-02 23:45:00,0.18,0.15
2024-11-03 08:00:00,0.31,0.25
2024-11-03 08:15:00,0.03,0.28
2024-11-03 10:00:00,0.26,0.14
2024-11-03 10:15:00,0.05,0.21000000000000002
2024-11-03 12:00:00,0.16,0.13
2024-11-03 12:30:00,0.09,0.11000000000000001
2024-11-03 13:00:00,0.22,0.12
2024-11-03 13:15:00,0.1,0.12
2024-11-03 20:15:00,0.4,0.35000000000000003
2024-11-03 20:30:00,0.66,0.26
2024-11-03 21:00:00,0.26,0.41000000000000003
2024-11-03 21:15:00,0.11,0.15000000000000002
2024-11-03 22:00:00,0.29,0.21999999999999997
2024-11-03 22:15:00,0.05,0.24
2024-11-03 23:15:00,0.5,0.45
2024-11-03 23:30:00,0.27,0.22999999999999998
2024-11-03 23:45:00,0.04,0.23
2024-11-04 09:30:00,0.31,0.22
2024-11-04 09:45:00,0.13,0.18
2024-11-04 10:15:00,0.63,0.51
2024-11-04 10:30:00,0.83,0.19999999999999996
2024-11-04 11:30:00,0.45,0.22000000000000003
2024-11-04 11:45:00,0.14,0.31
2024-11-04 12:15:00,0.26,0.15000000000000002
2024-11-04 12:30:00,0.13,0.13
2024-11-04 12:45:00,1.21,1.08
2024-11-04 13:00:00,1.36,0.15000000000000013
2024-11-04 13:15:00,1.03,0.33000000000000007
2024-11-04 13:30:00,0.8,0.22999999999999998
2024-11-04 14:00:00,0.6,0.19000000000000006
2024-11-04 14:15:00,0.49,0.10999999999999999
2024-11-04 14:30:00,0.09,0.4
2024-11-04 17:00:00,0.58,0.5299999999999999
2024-11-04 17:15:00,0.09,0.49
2024-11-04 18:15:00,0.37,0.32
2024-11-04 18:30:00,0.2,0.16999999999999998
2024-11-04 18:45:00,0.41,0.20999999999999996
2024-11-04 19:15:00,0.05,0.36
2024-11-04 20:00:00,0.2,0.14
2024-11-04 20:15:00,0.07,0.13
2024-11-04 21:30:00,0.29,0.24999999999999997
2024-11-04 22:00:00,0.07,0.27999999999999997
2024-11-04 22:45:00,0.04,0.13
2024-11-05 01:45:00,0.21,0.19
2024-11-05 02:00:00,0.04,0.16999999999999998
2024-11-05 08:30:00,0.32,0.3
2024-11-05 08:45:00,0.03,0.29000000000000004
2024-11-05 10:30:00,0.03,0.18
2024-11-05 11:15:00,0.27,0.25
2024-11-05 11:30:00,0.51,0.24
2024-11-05 11:45:00,0.38,0.13
2024-11-05 12:00:00,0.01,0.37
2024-11-05 14:00:00,0.29,0.19999999999999998
2024-11-05 14:15:00,0.4,0.11000000000000004
2024-11-05 14:30:00,0.25,0.15000000000000002
2024-11-05 14:45:00,0.04,0.21
2024-11-05 15:00:00,0.18,0.13999999999999999
2024-11-05 15:15:00,0.06,0.12
2024-11-06 08:45:00,0.29,0.21999999999999997
2024-11-06 09:45:00,0.09,0.11000000000000001
2024-11-06 11:15:00,0.83,0.7799999999999999
2024-11-06 11:30:00,1.01,0.18000000000000005
2024-11-06 11:45:00,1.17,0.15999999999999992
2024-11-06 12:00:00,1.03,0.1399999999999999
2024-11-06 12:15:00,0.89,0.14
2024-11-06 12:30:00,0.24,0.65
2024-11-06 12:45:00,0.11,0.13
2024-11-06 15:00:00,0.27,0.19
2024-11-06 15:15:00,0.09,0.18000000000000002
2024-11-06 21:30:00,0.32,0.26
2024-11-06 21:45:00,0.58,0.25999999999999995
2024-11-06 22:00:00,0.09,0.49
2024-11-07 00:30:00,0.47,0.39999999999999997
2024-11-07 00:45:00,0.12,0.35
2024-11-07 07:45:00,0.62,0.52
2024-11-07 08:00:00,0.05,0.57
2024-11-07 08:30:00,0.34,0.31000000000000005
2024-11-07 09:00:00,0.55,0.29000000000000004
2024-11-07 09:15:00,0.24,0.31000000000000005
2024-11-07 14:00:00,0.56,0.53
2024-11-07 14:15:00,0.11,0.45000000000000007
2024-11-07 14:30:00,0.32,0.21000000000000002
2024-11-07 14:45:00,0.03,0.29000000000000004
2024-11-07 16:15:00,0.35,0.24999999999999997
2024-11-07 16:30:00,0.14,0.20999999999999996
2024-11-07 22:45:00,0.37,0.28
2024-11-07 23:00:00,0.72,0.35
2024-11-07 23:15:00,0.34,0.37999999999999995
2024-11-07 23:45:00,0.06,0.22000000000000003
2024-11-08 00:00:00,0.32,0.26
2024-11-08 00:30:00,0.15,0.12000000000000002
2024-11-08 01:30:00,0.28,0.18000000000000002
2024-11-08 01:45:00,0.98,0.7
2024-11-08 02:15:00,0.82,0.10000000000000009
2024-11-08 03:00:00,0.56,0.12
2024-11-08 03:15:00,0.12,0.44000000000000006
2024-11-08 10:15:00,0.25,0.19
2024-11-08 10:45:00,0.19,0.15999999999999998
2024-11-08 11:00:00,0.69,0.49999999999999994
2024-11-08 11:15:00,1.5,0.81
2024-11-08 11:30:00,1.0,0.5
2024-11-08 11:45:00,0.71,0.29000000000000004
2024-11-08 12:30:00,0.57,0.1100000000000001
2024-11-08 12:45:00,0.45,0.11999999999999994
2024-11-08 13:00:00,0.09,0.36
2024-11-08 14:00:00,0.26,0.18
2024-11-08 14:15:00,0.03,0.23
2024-11-08 19:00:00,0.53,0.43000000000000005
2024-11-08 19:15:00,0.18,0.35000000000000003
2024-11-09 03:30:00,0.22,0.2
2024-11-09 03:45:00,0.03,0.19
2024-11-09 11:00:00,0.16,0.12
2024-11-09 11:30:00,0.06,0.17
2024-11-09 12:30:00,0.37,0.21
2024-11-09 12:45:00,0.04,0.33
2024-11-09 15:00:00,0.23,0.22
2024-11-09 15:15:00,0.41,0.17999999999999997
2024-11-09 15:30:00,0.02,0.38999999999999996
2024-11-09 15:45:00,0.15,0.13
2024-11-09 16:15:00,0.19,0.12
2024-11-09 16:30:00,0.04,0.15
2024-11-09 19:00:00,0.27,0.19
2024-11-09 19:15:00,0.05,0.22000000000000003
2024-11-09 20:30:00,0.24,0.18
2024-11-09 21:15:00,0.46,0.36
2024-11-09 21:30:00,0.15,0.31000000000000005
2024-11-09 23:45:00,0.24,0.18
2024-11-10 00:00:00,0.03,0.21
2024-11-10 09:15:00,0.34,0.27
2024-11-10 09:30:00,0.17,0.17
2024-11-10 09:45:00,0.06,0.11000000000000001
2024-11-10 11:00:00,0.52,0.46
2024-11-10 11:15:00,0.3,0.22000000000000003
2024-11-10 11:30:00,0.06,0.24
2024-11-10 13:00:00,0.19,0.14
2024-11-10 13:15:00,0.04,0.15
2024-11-10 13:30:00,0.28,0.24000000000000002
2024-11-10 13:45:00,0.41,0.12999999999999995
2024-11-10 14:30:00,0.01,0.33
2024-11-10 18:15:00,0.26,0.24000000000000002
2024-11-10 18:30:00,0.06,0.2
2024-11-10 22:15:00,0.55,0.4600000000000001
2024-11-10 22:30:00,0.12,0.43000000000000005
2024-11-11 08:15:00,0.39,0.37
2024-11-11 09:00:00,0.52,0.19
2024-11-11 09:15:00,0.37,0.15000000000000002
2024-11-11 09:30:00,0.09,0.28
2024-11-11 12:30:00,0.53,0.37
2024-11-11 12:45:00,0.11,0.42000000000000004
2024-11-11 13:00:00,0.46,0.35000000000000003
2024-11-11 13:15:00,0.35,0.11000000000000004
2024-11-11 13:30:00,0.06,0.29
2024-11-11 15:00:00,0.47,0.39999999999999997
2024-11-11 15:15:00,0.15,0.31999999999999995
2024-11-11 15:30:00,0.04,0.10999999999999999
2024-11-11 17:00:00,0.34,0.32
2024-11-11 17:15:00,0.09,0.25
2024-11-11 21:45:00,0.3,0.19
2024-11-11 22:15:00,0.07,0.13
2024-11-11 22:30:00,0.25,0.18
2024-11-11 23:00:00,0.04,0.26
2024-11-12 08:00:00,0.32,0.29000000000000004
2024-11-12 08:15:00,0.13,0.19
2024-11-12 11:00:00,0.21,0.16999999999999998
2024-11-12 11:15:00,0.06,0.15
2024-11-12 12:15:00,0.46,0.39
2024-11-12 12:30:00,0.18,0.28
2024-11-12 12:45:00,0.07,0.10999999999999999
2024-11-12 17:30:00,0.22,0.18
2024-11-12 17:45:00,0.07,0.15
2024-11-12 18:15:00,0.26,0.19
2024-11-12 18:30:00,0.51,0.25
2024-11-12 19:00:00,0.37,0.16000000000000003
2024-11-12 19:15:00,0.2,0.16999999999999998
2024-11-12 20:45:00,0.07,0.13
2024-11-12 21:45:00,0.31,0.2
2024-11-12 22:00:00,0.07,0.24
2024-11-12 22:15:00,0.35,0.27999999999999997
2024-11-12 22:45:00,0.08,0.18
2024-11-13 08:15:00,0.28,0.23000000000000004
2024-11-13 08:45:00,0.05,0.27
2024-11-13 10:30:00,0.45,0.24000000000000002
2024-11-13 10:45:00,0.04,0.41000000000000003
2024-11-13 11:00:00,0.18,0.13999999999999999
2024-11-13 11:15:00,0.06,0.12
2024-11-13 11:30:00,0.42,0.36
2024-11-13 11:45:00,0.09,0.32999999999999996
2024-11-13 12:15:00,0.27,0.23
2024-11-13 12:45:00,0.06,0.27
2024-11-13 13:00:00,0.18,0.12
2024-11-13 13:15:00,0.01,0.16999999999999998
2024-11-13 15:45:00,0.12,0.11
2024-11-13 18:15:00,0.42,0.38
2024-11-13 18:30:00,0.81,0.39000000000000007
2024-11-13 18:45:00,1.11,0.30000000000000004
2024-11-13 21:00:00,1.84,0.74
2024-11-13 21:15:00,2.05,0.20999999999999974
2024-11-13 21:30:00,1.92,0.1299999999999999
2024-11-13 21:45:00,2.23,0.31000000000000005
2024-11-13 22:00:00,1.86,0.3699999999999999
2024-11-13 22:30:00,1.63,0.15000000000000013
2024-11-13 22:45:00,1.39,0.24
2024-11-13 23:00:00,1.19,0.19999999999999996
2024-11-14 01:00:00,0.88,0.22000000000000008
2024-11-14 01:15:00,0.41,0.47000000000000003
2024-11-14 01:45:00,0.2,0.12
2024-11-14 02:30:00,0.41,0.33999999999999997
2024-11-14 02:45:00,0.11,0.3
2024-11-14 03:15:00,0.26,0.23
2024-11-14 03:45:00,0.15,0.15
2024-11-14 04:00:00,0.01,0.13999999999999999
2024-11-14 09:00:00,0.31,0.22
2024-11-14 09:30:00,0.09,0.31000000000000005
2024-11-14 09:45:00,0.34,0.25
2024-11-14 10:00:00,0.16,0.18000000000000002
2024-11-14 10:15:00,0.36,0.19999999999999998
2024-11-14 10:30:00,0.54,0.18000000000000005
2024-11-14 10:45:00,0.06,0.48000000000000004
2024-11-14 12:00:00,0.3,0.26
2024-11-14 12:15:00,0.4,0.10000000000000003
2024-11-14 12:30:00,0.02,0.38
2024-11-14 19:30:00,0.22,0.16
2024-11-14 21:00:00,0.38,0.32
2024-11-14 21:15:00,0.65,0.27
2024-11-14 21:30:00,0.06,0.5900000000000001
2024-11-15 08:00:00,0.16,0.13
2024-11-15 08:30:00,0.07,0.19
2024-11-15 10:15:00,0.58,0.47
2024-11-15 10:30:00,1.01,0.43000000000000005
2024-11-15 10:45:00,0.82,0.19000000000000006
2024-11-15 11:15:00,0.6,0.22999999999999998
2024-11-15 11:30:00,0.85,0.25
2024-11-15 11:45:00,0.62,0.22999999999999998
2024-11-15 12:00:00,0.38,0.24
2024-11-15 12:30:00,0.13,0.27
2024-11-15 13:15:00,0.2,0.12000000000000001
2024-11-15 13:30:00,0.06,0.14
2024-11-15 14:00:00,0.54,0.5
2024-11-15 14:15:00,0.29,0.25000000000000006
2024-11-15 14:30:00,0.04,0.24999999999999997
2024-11-15 16:30:00,0.39,0.34
2024-11-15 16:45:00,1.01,0.62
2024-11-15 17:00:00,0.89,0.12
2024-11-15 17:30:00,0.32,0.49999999999999994
2024-11-15 17:45:00,0.02,0.3
2024-11-15 18:15:00,0.22,0.18
2024-11-15 18:30:00,0.05,0.16999999999999998
2024-11-16 05:45:00,0.33,0.28
2024-11-16 06:00:00,0.06,0.27
2024-11-16 09:45:00,0.2,0.15000000000000002
2024-11-16 10:15:00,0.32,0.22
2024-11-16 10:45:00,0.12,0.27
2024-11-16 12:00:00,0.3,0.22999999999999998
2024-11-16 12:15:00,0.42,0.12
2024-11-16 12:30:00,0.14,0.27999999999999997
2024-11-16 13:15:00,0.59,0.5399999999999999
2024-11-16 13:30:00,0.71,0.12
2024-11-16 13:45:00,0.33,0.37999999999999995
2024-11-16 14:00:00,0.18,0.15000000000000002
2024-11-16 14:15:00,0.62,0.44
2024-11-16 14:30:00,0.33,0.29
2024-11-16 14:45:00,0.1,0.23
2024-11-16 15:45:00,0.18,0.15
2024-11-16 16:00:00,0.05,0.13
2024-11-16 18:15:00,0.38,0.34
2024-11-16 18:30:00,0.27,0.10999999999999999
2024-11-16 18:45:00,0.04,0.23
2024-11-16 19:15:00,0.39,0.36
2024-11-16 19:30:00,0.13,0.26
2024-11-16 20:15:00,0.05,0.15000000000000002
2024-11-16 21:00:00,0.85,0.7999999999999999
2024-11-16 21:45:00,0.56,0.18999999999999995
2024-11-16 22:00:00,0.07,0.49000000000000005
2024-11-17 07:15:00,0.18,0.13
2024-11-17 07:45:00,0.01,0.19
2024-11-17 10:15:00,0.21,0.15
2024-11-17 10:30:00,0.05,0.15999999999999998
2024-11-17 11:00:00,0.2,0.16
2024-11-17 11:15:00,0.06,0.14
2024-11-17 13:15:00,0.2,0.15000000000000002
2024-11-17 13:45:00,0.1,0.10999999999999999
2024-11-17 14:15:00,0.05,0.15000000000000002
2024-11-17 14:30:00,0.72,0.6699999999999999
2024-11-17 14:45:00,0.93,0.21000000000000008
2024-11-17 15:15:00,0.74,0.12
2024-11-17 15:30:00,0.53,0.20999999999999996
2024-11-17 15:45:00,0.06,0.47000000000000003
2024-11-17 17:45:00,0.32,0.28
2024-11-17 18:15:00,0.03,0.35
2024-11-18 09:45:00,0.4,0.27
2024-11-18 10:00:00,0.66,0.26
2024-11-18 10:15:00,0.14,0.52
2024-11-18 13:30:00,0.22,0.18
2024-11-18 13:45:00,0.05,0.16999999999999998
2024-11-18 14:45:00,0.34,0.26
2024-11-18 15:15:00,0.07,0.2
2024-11-18 21:00:00,0.31,0.28
2024-11-18 21:15:00,0.02,0.29
2024-11-18 22:15:00,0.35,0.31
2024-11-18 22:30:00,2.4,2.05
2024-11-18 22:45:00,1.92,0.48
2024-11-18 23:15:00,1.86,0.11999999999999988
2024-11-18 23:45:00,1.16,0.6300000000000001
2024-11-19 09:00:00,1.29,0.17999999999999994
2024-11-19 09:15:00,0.48,0.81
2024-11-19 09:30:00,0.12,0.36
2024-11-19 13:15:00,0.48,0.38
2024-11-19 13:30:00,0.83,0.35
2024-11-19 13:45:00,0.34,0.48999999999999994
2024-11-19 14:00:00,0.04,0.30000000000000004
2024-11-19 15:00:00,0.3,0.26
2024-11-19 15:15:00,0.06,0.24
2024-11-19 20:15:00,0.53,0.46
2024-11-19 20:30:00,0.3,0.23000000000000004
2024-11-19 20:45:00,0.07,0.22999999999999998
2024-11-19 21:15:00,0.24,0.18
2024-11-19 21:30:00,0.07,0.16999999999999998
2024-11-19 22:00:00,0.26,0.17
2024-11-19 22:15:00,0.49,0.22999999999999998
2024-11-19 22:30:00,0.27,0.21999999999999997
2024-11-19 22:45:00,0.06,0.21000000000000002
2024-11-19 23:30:00,0.16,0.12
2024-11-19 23:45:00,1.1,0.9400000000000001
2024-11-20 07:45:00,0.88,0.21000000000000008
2024-11-20 08:30:00,1.17,0.31999999999999995
2024-11-20 08:45:00,0.22,0.95
2024-11-20 11:45:00,0.26,0.18
2024-11-20 12:15:00,0.03,0.23
2024-11-20 12:45:00,0.3,0.27999999999999997
2024-11-20 13:00:00,0.67,0.37000000000000005
2024-11-20 13:15:00,0.14,0.53
2024-11-20 13:45:00,0.22,0.15
2024-11-20 14:15:00,0.03,0.13
2024-11-20 17:15:00,0.34,0.30000000000000004
2024-11-20 17:30:00,0.53,0.19
2024-11-20 18:00:00,0.14,0.38
2024-11-20 23:15:00,0.27,0.16000000000000003
2024-11-20 23:30:00,0.06,0.21000000000000002
2024-11-21 08:15:00,0.35,0.24
2024-11-21 08:30:00,0.13,0.21999999999999997
2024-11-21 11:15:00,0.42,0.35
2024-11-21 11:30:00,0.16,0.26
2024-11-21 12:00:00,0.37,0.22
2024-11-21 12:15:00,0.55,0.18000000000000005
2024-11-21 12:30:00,0.13,0.42000000000000004
2024-11-21 13:30:00,0.27,0.21000000000000002
2024-11-21 14:00:00,0.18,0.10000000000000003
2024-11-21 14:15:00,0.04,0.13999999999999999
2024-11-21 18:45:00,0.07,0.10999999999999999
2024-11-21 19:45:00,0.15,0.10999999999999999
2024-11-21 20:45:00,0.28,0.23000000000000004
2024-11-21 21:00:00,0.43,0.14999999999999997
2024-11-21 21:15:00,0.23,0.19999999999999998
2024-11-22 08:00:00,0.41,0.38
2024-11-22 08:15:00,0.05,0.36
2024-11-22 09:45:00,0.05,0.12000000000000001
2024-11-22 10:00:00,0.3,0.25
2024-11-22 10:15:00,0.48,0.18
2024-11-22 10:30:00,0.29,0.19
2024-11-22 10:45:00,0.03,0.26
2024-11-22 11:15:00,0.35,0.31
2024-11-22 11:45:00,0.14,0.20999999999999996
2024-11-22 12:00:00,0.03,0.11000000000000001
2024-11-22 13:00:00,0.32,0.27
2024-11-22 13:15:00,0.02,0.3
2024-11-22 14:00:00,0.36,0.33999999999999997
2024-11-22 14:15:00,0.06,0.3
2024-11-22 17:45:00,0.25,0.10999999999999999
2024-11-22 18:00:00,0.09,0.16
2024-11-22 20:45:00,0.42,0.31
2024-11-22 21:30:00,0.79,0.43000000000000005
2024-11-22 21:45:00,1.02,0.22999999999999998
2024-11-22 22:00:00,0.56,0.45999999999999996
2024-11-22 22:15:00,0.15,0.41000000000000003
2024-11-23 07:15:00,0.38,0.36
2024-11-23 07:30:00,0.01,0.37
2024-11-23 08:15:00,0.14,0.11000000000000001
2024-11-23 08:45:00,0.28,0.22000000000000003
2024-11-23 09:00:00,0.18,0.10000000000000003
2024-11-23 09:15:00,0.04,0.13999999999999999
2024-11-23 10:00:00,0.2,0.13
2024-11-23 10:15:00,0.54,0.34
2024-11-23 10:30:00,0.39,0.15000000000000002
2024-11-23 10:45:00,0.04,0.35000000000000003
2024-11-23 12:15:00,0.28,0.24000000000000002
2024-11-23 12:45:00,0.24,0.10999999999999999
2024-11-23 13:00:00,0.59,0.35
2024-11-23 13:15:00,0.02,0.57
2024-11-23 13:30:00,0.46,0.44
2024-11-23 13:45:00,0.03,0.43000000000000005
2024-11-23 14:15:00,0.2,0.17
2024-11-23 14:45:00,0.19,0.10999999999999999
2024-11-23 18:15:00,0.17,0.13
2024-11-23 18:30:00,0.6,0.42999999999999994
2024-11-23 18:45:00,0.07,0.53
2024-11-23 20:15:00,0.27,0.23
2024-11-23 21:30:00,0.48,0.19
2024-11-23 21:45:00,0.2,0.27999999999999997
2024-11-23 22:30:00,0.05,0.21000000000000002
2024-11-23 23:30:00,0.18,0.10999999999999999
2024-11-24 03:30:00,0.29,0.26
2024-11-24 03:45:00,0.03,0.26
2024-11-24 04:00:00,0.54,0.51
2024-11-24 04:15:00,1.08,0.54
2024-11-24 09:15:00,1.27,0.1499999999999999
2024-11-24 09:45:00,0.45,0.8800000000000001
2024-11-24 10:00:00,0.08,0.37
2024-11-24 13:15:00,0.27,0.18000000000000002
2024-11-24 13:45:00,0.52,0.32
2024-11-24 14:00:00,1.06,0.54
2024-11-24 14:15:00,0.86,0.20000000000000007
2024-11-24 14:45:00,0.67,0.12
2024-11-24 15:00:00,0.35,0.32000000000000006
2024-11-24 15:15:00,0.08,0.26999999999999996
2024-11-24 23:15:00,0.42,0.37
2024-11-24 23:30:00,0.26,0.15999999999999998
2024-11-25 00:00:00,0.05,0.2
2024-11-25 02:00:00,0.32,0.27
2024-11-25 02:30:00,0.07,0.33
2024-11-25 07:15:00,0.14,0.11000000000000001
2024-11-25 07:30:00,1.08,0.9400000000000001
2024-11-25 08:00:00,0.11,0.9600000000000001
2024-11-25 10:45:00,1.07,0.9900000000000001
2024-11-25 11:00:00,1.54,0.47
2024-11-25 11:15:00,1.17,0.3700000000000001
2024-11-25 12:30:00,0.67,0.44000000000000006
2024-11-25 12:45:00,0.11,0.56
2024-11-25 13:15:00,0.36,0.27999999999999997
2024-11-25 13:45:00,0.07,0.26
2024-11-25 19:15:00,0.24,0.19999999999999998
2024-11-25 19:30:00,0.41,0.16999999999999998
2024-11-25 19:45:00,0.1,0.30999999999999994
2024-11-25 20:30:00,0.43,0.38
2024-11-25 21:00:00,0.07,0.39999999999999997
2024-11-25 21:30:00,0.26,0.12
2024-11-25 21:45:00,0.08,0.18
2024-11-25 22:15:00,0.06,0.12
2024-11-26 09:15:00,0.75,0.6799999999999999
2024-11-26 09:30:00,0.5,0.25
2024-11-26 09:45:00,0.23,0.27
2024-11-26 10:00:00,0.05,0.18
2024-11-26 10:15:00,0.29,0.24
2024-11-26 10:30:00,0.15,0.13999999999999999
2024-11-26 10:45:00,0.04,0.10999999999999999
2024-11-26 14:00:00,0.63,0.6
2024-11-26 14:15:00,0.11,0.52
2024-11-26 15:15:00,0.02,0.11
2024-11-26 17:00:00,1.13,1.0499999999999998
2024-11-26 19:45:00,1.27,0.16999999999999993
2024-11-26 20:00:00,1.39,0.11999999999999988
2024-11-26 20:15:00,1.95,0.56
2024-11-26 20:30:00,1.8,0.1499999999999999
2024-11-26 20:45:00,1.2,0.6000000000000001
2024-11-26 21:15:00,1.39,0.2699999999999998
2024-11-26 21:30:00,1.78,0.3900000000000001
2024-11-26 21:45:00,1.2,0.5800000000000001
2024-11-26 22:00:00,0.73,0.47
2024-11-26 22:15:00,0.89,0.16000000000000003
2024-11-26 22:30:00,0.73,0.16000000000000003
2024-11-26 22:45:00,0.6,0.13
2024-11-26 23:00:00,0.71,0.10999999999999999
2024-11-26 23:15:00,0.57,0.14
2024-11-26 23:30:00,0.24,0.32999999999999996
2024-11-26 23:45:00,0.13,0.10999999999999999
2024-11-27 10:00:00,0.66,0.53
2024-11-27 10:15:00,1.24,0.58
2024-11-27 10:30:00,1.35,0.1100000000000001
2024-11-27 11:00:00,1.11,0.2799999999999998
2024-11-27 11:45:00,0.02,0.98
2024-11-27 13:30:00,0.48,0.47
2024-11-27 13:45:00,0.22,0.26
2024-11-27 15:00:00,0.17,0.15000000000000002
2024-11-27 15:45:00,0.03,0.21
2024-11-27 18:30:00,0.15,0.10999999999999999
2024-11-27 18:45:00,0.02,0.13
2024-11-27 19:15:00,0.63,0.52
2024-11-27 19:30:00,0.01,0.62
2024-11-27 21:45:00,0.48,0.44
2024-11-27 22:00:00,0.36,0.12
2024-11-27 22:15:00,1.12,0.7600000000000001
2024-11-27 22:30:00,1.28,0.15999999999999992
2024-11-27 22:45:00,1.1,0.17999999999999994
2024-11-28 08:00:00,1.08,0.10000000000000009
2024-11-28 10:15:00,1.65,0.5399999999999998
2024-11-28 10:30:00,0.73,0.9199999999999999
2024-11-28 10:45:00,1.09,0.3600000000000001
2024-11-28 11:00:00,0.79,0.30000000000000004
2024-11-28 11:15:00,0.6,0.19000000000000006
2024-11-28 11:45:00,0.29,0.23000000000000004
2024-11-28 12:00:00,0.15,0.13999999999999999
2024-11-28 12:45:00,0.23,0.16
2024-11-28 13:00:00,0.99,0.76
2024-11-28 13:15:00,0.79,0.19999999999999996
2024-11-28 13:30:00,0.6,0.19000000000000006
2024-11-28 13:45:00,0.18,0.42
2024-11-28 14:30:00,0.33,0.28
2024-11-28 14:45:00,0.44,0.10999999999999999
2024-11-28 15:00:00,0.03,0.41000000000000003
2024-11-28 16:30:00,0.22,0.19
2024-11-28 16:45:00,0.11,0.11
2024-11-28 19:15:00,0.34,0.28
2024-11-28 19:45:00,0.76,0.34
2024-11-28 20:00:00,0.32,0.44
2024-11-28 23:30:00,0.46,0.42000000000000004
2024-11-28 23:45:00,1.11,0.6500000000000001
2024-11-29 04:00:00,0.42,0.7000000000000002
2024-11-29 04:15:00,0.02,0.39999999999999997
2024-11-29 06:00:00,1.01,0.98
2024-11-29 06:15:00,0.64,0.37
2024-11-29 06:30:00,0.89,0.25
2024-11-29 07:00:00,1.11,0.31000000000000005
2024-11-29 07:15:00,0.68,0.43000000000000005
2024-11-29 07:30:00,1.08,0.4
2024-11-29 08:00:00,0.47,0.6100000000000001
2024-11-29 08:15:00,0.06,0.41
2024-11-29 09:30:00,0.7,0.61
2024-11-29 09:45:00,1.55,0.8500000000000001
2024-11-29 10:00:00,1.19,0.3600000000000001
2024-11-29 10:15:00,1.59,0.40000000000000013
2024-11-29 10:30:00,1.3,0.29000000000000004
2024-11-29 10:45:00,0.14,1.1600000000000001
2024-11-29 11:00:00,0.39,0.25
2024-11-29 11:15:00,0.63,0.24
2024-11-29 11:30:00,0.1,0.53
2024-11-29 15:15:00,0.68,0.56
2024-11-29 15:45:00,0.26,0.32999999999999996
2024-11-29 16:00:00,0.05,0.21000000000000002
2024-11-29 22:15:00,0.29,0.26999999999999996
2024-11-29 22:30:00,0.07,0.21999999999999997
2024-11-29 23:45:00,0.59,0.5
